name,age,street,city,state,zip,lng,lat
Sheila Edwards,54,8135 Christopher Valleys Apt. 037,Michelleland,Oregon,08611,13.961384,-68.2447885
Jonathan White,63,296 Horn Keys Suite 262,Lake Michele,New York,43414,25.518880,52.0203475
Kristin Riley,63,61495 Baker Green Apt. 334,New Ricardo,Connecticut,74983,-47.673825,-17.3997185
Tamara Bailey,76,737 Melinda Path,New James,Kansas,66833,-36.299613,81.596907
Regina Allen,66,30273 Holmes Orchard Suite 997,New Troybury,Oregon,59567,-63.240961,-60.8427135
Rhonda Poole,62,4043 Tammy Ville Suite 196,Port Dawnmouth,New Mexico,21519,9.809588,-23.218973
Andrea Nguyen,37,33285 Claudia Passage,Lake Christine,Oregon,44071,-16.433732,43.1847715
Brittany Scott,36,363 Delacruz Islands Apt. 979,South Judymouth,Florida,57006,-154.118029,-76.360522
Douglas Browning,26,91617 Debbie Isle,Wendyville,Florida,94751,-15.114092,-82.222083
Dale Juarez,58,656 Corey Park Suite 116,East Joshua,South Dakota,15921,-99.699992,-44.8817655
Mr. Antonio Campbell PhD,42,98752 Price Fort,Williamsburgh,Indiana,62953,-22.852277,-61.215817
Cindy Walker,80,446 Charles Run,Earlton,Washington,86252,56.746478,-41.4159245
Samantha Pitts,24,5924 Randolph Unions,Alexanderside,Wyoming,02938,142.679736,31.9958695
Stephen Brewer,50,801 Jessica Vista,Williamsburgh,Georgia,22888,100.326554,-66.1911505
Jennifer Werner MD,67,42845 Johnson Viaduct,Elizabethbury,Ohio,20026,-58.238606,24.5426485
Ashley Quinn,32,881 Taylor Inlet,Scottberg,Texas,19973,-177.062694,68.319866
Jeremy Mays,49,139 Lisa Spur Suite 110,West Kristenchester,New Jersey,98742,-132.088924,-20.5020165
Michael Smith,21,12631 Deborah Rue Suite 502,South Frank,Vermont,79762,-43.033383,11.948608
Paul Gomez,55,6494 Sarah Spur Apt. 604,South Cassidy,Kentucky,50555,-104.645701,-87.137678
James Evans,72,4019 Tiffany Lane,Crosbystad,Nevada,43964,150.343706,13.081721
Michael Jones,37,30083 Carter Locks,Freemanburgh,Missouri,12522,-127.237324,69.835499
Paul Maldonado,29,281 Hubbard Crossroad Apt. 857,Rogerstad,New Mexico,62433,-138.469147,-46.6277805
Carl Jordan,23,752 Tonya Summit Suite 698,New Andrewport,Nevada,24488,-76.052878,-82.2930015
Paul Thompson,46,600 Robin Canyon,West Steven,Texas,74572,-17.361206,-41.081955
Virginia Spencer,30,01786 George Cove,West Lisamouth,Maine,30700,-34.961321,-49.987525
Rachel Preston,75,9498 Estrada Plaza,Bakershire,Illinois,04300,133.651524,84.192199
Joshua Martin,75,47296 Melanie Oval Suite 429,Jonathanton,Kentucky,93493,109.985227,-36.775735
Nancy Turner,68,593 Michelle Summit,West Kimberlyview,Alabama,89762,-121.302558,-34.1053465
Jason Rodriguez,24,31759 Austin Bypass,Tylerbury,Wisconsin,08808,-66.123259,24.2214965
Toni Kirby,62,36204 Lisa Trail Apt. 866,South Madison,Idaho,24435,139.778613,80.7496425
Stephanie Watson,80,757 Glenn Highway Suite 558,North Jennifermouth,Ohio,38238,-6.906912,-8.871445
Heidi Stewart,24,94214 Mcconnell Gateway,Munozside,Indiana,08850,161.735724,-8.944988
Nancy Brady,78,6462 Koch Skyway,East William,Alaska,82517,146.769259,-12.794891
Chris Sanchez,46,3279 James Pass Suite 311,North Leeview,Minnesota,30151,140.118556,43.639706
John Andrews,61,803 Margaret Ville Suite 779,Lake Nicholeside,Vermont,93751,171.405313,56.7051465
Mark Jones,56,542 Silva Forges,New Christinashire,Maine,68166,-28.220387,-75.9085465
Jimmy Strickland,78,646 Anthony Brooks,Lake James,Hawaii,29339,107.870246,-48.0203205
Kristine Perkins,23,28382 Sims Grove,Port Aprilhaven,Iowa,68293,-155.458392,-44.9958085
Curtis Myers,53,1507 Stanley Circle Apt. 908,Natalieton,New Hampshire,99311,71.786339,-7.9166995
Cody Burch,43,311 Michael Pine Suite 989,East Susan,Florida,88794,-9.570882,-73.288718
Victor Warren,55,012 Berry Street Suite 243,Millerborough,Louisiana,71039,-132.419721,88.329068
Anthony Snyder MD,35,1753 Lisa Path Suite 265,Peterstad,Illinois,01665,-164.377114,-67.773351
Caitlin Booker,27,851 Adam Valleys Apt. 565,South Benjamin,Georgia,86445,-129.210713,37.881853
Wanda Ware,69,17307 Lopez Drive,New Craigburgh,Texas,08542,-53.087212,76.185549
Jennifer Brown,50,080 Butler Stravenue,Matthewton,Iowa,18772,-119.106671,12.8256945
Tony Martinez,19,22664 Daniel Lane Apt. 311,Brockhaven,Illinois,88342,113.981070,81.093461
Allison Byrd,45,878 Gordon Square Suite 280,Ramirezbury,Arizona,87412,124.811521,66.369087
Gary Warren,50,4445 Owens Crescent,Anthonyside,Vermont,14545,-128.658140,-55.056418
Stephen Peterson,51,75080 Christopher Fords Apt. 623,Josephport,Louisiana,04538,109.040809,-28.5569385
Keith Frye,70,7785 Jacobs Crossroad Suite 528,Cheryltown,Washington,87926,-36.170398,-46.4876385
Darryl Powell III,21,4772 Matthew Mall Apt. 015,West Nancybury,Wisconsin,34474,20.298898,7.9163215
Zachary Mccoy,46,4235 Neal Street,Port Keith,Virginia,30226,36.233657,80.0415035
Heather Clarke,54,22578 Brittany Underpass,North Robert,North Dakota,09998,-78.867075,15.6892525
Timothy Juarez,30,134 Flores Mill Suite 657,North Thomasfurt,Wisconsin,94652,163.211311,-51.4991645
Jerry Clark,55,7850 Miller Flats Apt. 719,East Matthewton,Wyoming,37307,-166.180475,71.589690
Todd Payne,58,62360 Cooke Fall,Port Robin,New York,52242,-129.647769,71.6923195
Janet Kennedy,71,42241 Michael Mountain,East Danielbury,Nevada,63815,135.831790,-15.5133315
Mary Garcia,75,47828 Collins Shoal Apt. 602,Lake Nicole,Minnesota,42411,-62.150763,73.086503
Tammy Martin,68,492 Natalie Ports,Port Edwinton,Minnesota,03285,-24.191570,80.8281955
Bryan Miller,58,3011 Strickland Highway,Phillipview,New Hampshire,44402,32.599435,40.936776
Natalie Hernandez,39,86696 Theresa Fork Apt. 963,West Teresa,Alabama,51746,150.716286,-42.454622
Mrs. Abigail George,59,117 Huff Walks,Delgadoshire,Nebraska,70177,17.936939,-0.909714
Aaron Smith,69,92519 Joan Center Suite 070,Lake Andreaview,Washington,99155,-80.911528,-37.5070085
Hannah Hughes,26,3127 Ramos Radial Apt. 295,Mcgeeville,Alaska,18434,179.446072,-37.931227
Donna Pierce,77,00396 Shaffer Ferry,Mooreview,Georgia,61454,-36.543250,71.9079195
David Moore,20,1086 Robert Creek,Dalemouth,Iowa,25211,25.197831,-25.8558855
Brian Smith,37,714 Perkins Circles,Gibsonfort,Nebraska,66939,-144.184808,-63.8753075
Jose Arroyo,26,79503 Andrade Ranch,North Rebecca,Kentucky,48778,-117.251632,-49.111720
Stephanie Wright,64,36547 Higgins Cliffs,East Dianetown,Missouri,04259,-13.126042,-86.638036
Edward Noble,55,449 Smith Lane,Michaelchester,Rhode Island,03712,-169.540623,-88.103275
Ronald Smith,42,001 Joseph Row Apt. 340,Port Scottmouth,Michigan,60928,8.810848,10.475002
Curtis Wright,19,456 Debra Plains,Allenmouth,Maine,30112,73.813380,46.2505905
Charlotte Thomas,21,350 Michelle Passage Suite 983,Wileyborough,Indiana,61818,-144.604815,71.833790
Cody Doyle,50,607 Jones Lights,Williamshaven,North Dakota,19156,-100.873875,18.0294825
Kathleen Young,32,5889 Christopher Plaza,New Wendy,Virginia,46883,-23.415288,-50.0979085
William Short,57,6965 Harmon Common,Taylorland,North Carolina,58877,148.112633,-3.466815
Tommy Wright PhD,53,701 Ashley Lodge Apt. 958,New Betty,Connecticut,11541,-159.355845,-11.796273
Michelle Gomez,52,739 Allison Club Suite 288,Jonesside,Illinois,27098,124.549653,88.5518885
Cynthia Dean,19,10578 Andrea Estates,Port Robertmouth,Kentucky,08751,64.611579,17.147482
Jason Ford,53,07834 Ivan Port Apt. 194,Davidmouth,Wisconsin,11656,3.589635,66.658834
Linda Saunders,44,630 Knight Trace Apt. 377,Davidberg,New Jersey,25830,92.919672,33.6277765
Mrs. Jenny Miranda DVM,48,258 Evans Mall,Lake Laurenberg,Colorado,53434,47.108357,74.6705915
Jacob Powers,41,9795 Samantha Camp Apt. 493,South Scott,Ohio,82543,-90.139400,-50.352554
Alexandra Smith,55,60628 Andrew Rest Apt. 104,Phillipsborough,Alaska,63161,-158.232729,31.008458
Travis Myers,41,76658 Christopher Skyway Suite 788,Lake Daryl,Colorado,73284,-39.778072,-57.0227025
John Herrera,39,91561 Parker Pass,North Adam,California,44157,-71.089521,34.9742125
Kenneth Gray,23,96788 Elizabeth Field,Westmouth,Massachusetts,17012,121.990682,-55.863369
Shannon Baker,39,035 Parker Lake Suite 658,South Kevin,Louisiana,33757,-120.143548,-74.044368
David Pittman,54,4566 Katie Extension,Johnchester,North Dakota,43869,-111.561237,-82.301349
Mr. Tracy Rowe,77,63948 Young Corners Apt. 611,Juliechester,Connecticut,64062,32.194716,50.4417755
Bethany Molina,74,4369 Hernandez Vista Suite 871,West John,Louisiana,85629,170.841528,-20.0781695
Stanley Arnold,25,294 Rachel Square Suite 375,West Matthew,Mississippi,37721,-174.594127,-72.0113675
Katie Brown,47,165 Amanda Rapids,Kiddport,Tennessee,58661,-39.312604,-74.5605185
Shannon Harris,60,35850 Mills Squares Apt. 582,Lake Kennethmouth,Texas,51792,-82.647912,-47.3369755
Michael Richards,54,465 Stephanie Tunnel Apt. 265,Valdezfurt,Kansas,75781,-73.030513,-44.9981455
Matthew Ellis IV,36,9098 Mark Turnpike Suite 042,North Thomas,Minnesota,67849,-167.105037,-80.1743665
Adam Garcia,20,278 Thomas Mountain Suite 131,East Xavier,Arkansas,75257,-146.249318,7.8135655
Linda Bell,49,95413 Daugherty Haven,West Rebeccafurt,California,14144,136.221689,-15.8695265
Dana Carter,29,69445 Marcia Locks Apt. 111,North Krista,Rhode Island,01052,-63.685044,63.529400
Tina Curtis,22,0869 Bowen Turnpike,Jamesmouth,Wyoming,33361,160.144649,21.596517
Heather Benson,67,1491 Austin Pass Suite 315,Buchananview,Alaska,30911,125.264224,18.6808605
Diana Hall,72,800 Cody Corners Suite 426,Lake Jamesland,Utah,30279,-174.217988,28.475902
Amy Munoz,25,055 Kathryn Rapids Suite 794,Port Marymouth,Colorado,34605,38.540322,0.4649675
Mr. Derrick Stuart DDS,73,921 Lee Keys Suite 076,Reyesstad,South Carolina,40529,43.132333,14.8397795
Candice Massey,29,19082 Miranda Expressway Suite 153,Davidton,New York,12028,154.381493,-21.461184
Linda Johnson,66,1197 Stevens Stream Suite 555,West Brian,Virginia,29403,62.967365,-64.5580835
Paul Hanson,71,9556 Jay Haven Suite 461,Christinabury,Arkansas,17951,15.814901,55.6751635
Mark Navarro,48,2158 Allen Harbors Suite 377,Smithmouth,Ohio,86758,2.530228,63.9633065
Terri White,71,9608 Heather Run Suite 071,East Deborah,Oregon,91296,-156.610159,-29.4022125
Donna Campbell,20,13791 Lewis Forge Apt. 002,Robertsstad,California,97168,172.066534,-34.2606775
Megan Cook,48,95174 Jeffrey Corners,Webbshire,Maryland,67362,23.959313,-43.5874705
Tyler Ortega,76,030 Martin Skyway,Hinesburgh,New Jersey,13345,32.725881,-36.909023
Samantha Freeman,67,1945 Michelle Points Suite 060,East Kellieborough,Massachusetts,36338,172.987681,47.556042
Rachel Jones,63,8014 Nguyen Lodge Suite 837,Lake Michael,Maine,50209,135.578782,-86.0027745
Charles Nguyen,37,24590 Osborne Row Apt. 020,Jameshaven,Rhode Island,39519,-41.504399,46.5844795
Carolyn Francis,42,53883 Peter Coves,South Jessica,Virginia,32252,-44.559000,72.517863
Mrs. Sonia Rodriguez,56,493 Blake Track,Port Lindsay,Kansas,52485,-15.160411,-62.980008
Lauren Greer,27,8580 Wilson Isle Suite 968,Bowersburgh,Delaware,31814,60.289884,25.271482
Donald Reyes,40,94680 Ian Glen,Mccormickfurt,Kansas,57588,105.667864,-29.703623
Pamela Harris,54,839 Perez Common,Harrisfurt,Michigan,70955,84.716674,83.8836875
Brian Shannon,25,97277 Gomez Shoals Apt. 992,Morrowburgh,Alabama,05823,-100.180517,80.925311
Karla Finley,36,67112 Barton Mountains,Sotoville,South Dakota,61507,-149.255507,-48.4122595
Ashley Vargas,30,867 Laura Unions,East Johnhaven,Idaho,84866,144.040354,73.3949525
Alexander Jimenez,55,6658 Lang Run Suite 720,East Markview,Colorado,07840,150.443519,-52.465232
Angela Evans,55,280 Kline Well Suite 487,New Brandon,Delaware,10598,-41.688606,-63.5542565
Alexander Parks,46,1247 Steven Parks Apt. 989,Feliciastad,South Carolina,15103,36.657741,-8.1269495
Sheena Barton,73,636 Sanchez Fall,Joshuaborough,Maine,42683,64.584618,-59.6321735
Amanda Harris,36,062 Anderson Gardens Apt. 186,Robertberg,Maine,87701,174.374256,-60.449042
Michael Mcdonald,80,805 Hernandez Vista Apt. 305,Josephmouth,Arkansas,51101,8.619623,32.8796785
Kayla Odom,39,0963 Autumn View Apt. 106,West Vickie,Maryland,45351,169.391523,-33.3139835
Miguel Phillips,34,94748 Steven Drive,New Samuel,Arkansas,64276,17.709417,-41.1894075
Steven Castillo,40,20787 Juan Road Apt. 996,West Mistybury,Arkansas,77165,-63.178357,33.744506
James Hodge,36,0225 Kara Square,North Deborahview,Hawaii,80925,140.229426,67.279030
Dawn Johnson,55,102 Jeffery Locks Apt. 706,Brucetown,Iowa,27579,88.747899,-80.6436285
Wendy Duffy,47,2014 Madeline Plaza Apt. 727,North Elizabeth,Oregon,96680,-92.566682,-6.092994
Catherine Hall,69,31891 White Mill Suite 228,Duffyhaven,Tennessee,31331,9.032796,55.9213795
Kelly Cooke,40,10747 Nelson Streets Suite 103,Crystalfort,Louisiana,58172,-12.506506,-75.891882
Kelly Mckenzie,45,813 Butler Village Suite 185,Port Jenny,Kentucky,04787,47.374829,79.9884585
Catherine Benton,58,161 Riley Mews Suite 781,East Nicole,Texas,28033,140.662686,57.6388635
Ann White,65,93767 Cynthia Forges,Richardton,Georgia,95972,-108.132606,68.9973945
Jerry Harris,73,386 Morgan Forks,Daniellechester,Kentucky,63722,-141.958452,-80.7867765
Alyssa Wilson,19,2219 Mcmillan Meadows Suite 301,Carriemouth,Tennessee,99506,122.687913,55.2478235
Kenneth Landry,73,884 Robert Canyon,West Janicehaven,Illinois,52626,-99.456959,71.1523145
Thomas Hernandez,37,0110 Norris Views Apt. 658,North Reneeborough,Connecticut,56929,-172.296179,-74.754448
Heather Flores,66,16183 Finley Bridge,Granttown,Delaware,46888,146.897498,5.464297
Wayne Wilson,70,424 Tonya Port Apt. 328,Sarahfort,Pennsylvania,78327,-75.815333,1.413920
Christina Bray,69,932 Cole Corner Suite 941,Gailburgh,Kentucky,70716,-110.604299,49.214967
Heather Hall,18,066 Chelsea Drive Apt. 529,Phelpsmouth,Vermont,45150,40.162554,0.049073
Dr. Diana Davis DVM,67,684 Tucker Turnpike,Ronaldville,Georgia,15897,-154.768908,-41.353160
Craig Summers,47,17855 Tina Circles Suite 334,Lake James,Michigan,31807,10.866355,17.6093715
Jessica Dodson,80,6132 Jeffrey Pass,Williammouth,South Carolina,49030,178.493347,36.977996
Patrick Webster,34,4548 Jeffrey Fork Suite 532,South Andrea,Kentucky,03331,-54.110900,-18.699775
Stephanie Robinson,61,217 Ruiz Glen Suite 082,East Deborah,California,59218,37.415213,76.0247285
Matthew Ortega,38,671 Douglas Mountains Apt. 617,Williamsborough,Maine,48787,-147.295955,20.844187
Timothy Patton,26,791 Jade Court Apt. 343,Johnville,North Dakota,88463,-83.801850,26.4836675
Jonathan Navarro,64,5458 Flores Estate,Port Davidhaven,Indiana,40688,-169.833073,-20.9029295
Jennifer Andrews,58,29557 Gibson Course,West Sean,Massachusetts,29043,-72.981520,-9.2161765
Matthew Reed,29,023 Ashley Overpass Suite 179,Martinezburgh,Hawaii,79114,148.534747,-0.163349
Jillian Miller,59,8426 Pamela Knolls,Hernandezville,Montana,29058,89.183729,-13.590745
Sandy Frey,63,81045 Ashley Views,Jacquelineton,Montana,86839,163.000422,86.760000
Kathryn Adams,49,9375 Diane Ranch Suite 735,Port Tracimouth,Georgia,17695,-56.508127,8.3314405
Michael Townsend,62,58530 Mcguire Stream Suite 017,Barnesmouth,Mississippi,16133,-101.518965,9.839005
Stephanie Hunt DDS,35,5267 Jones Glen Apt. 184,West Michelleland,Pennsylvania,66395,59.069311,-57.7950735
Arthur Adams,46,385 Michael Landing Suite 677,South Erin,Maryland,98490,-131.571033,16.019063
Mr. Kenneth Carter,32,487 Harold Shore,East Robin,Kansas,51288,-44.317560,89.336631
Michael Hall,68,585 Stephanie Ferry,Port Jason,Tennessee,35346,153.076068,-62.5710605
Jason Moore,61,26739 Zachary Glens,New Joseph,Massachusetts,08249,-112.713782,-49.762039
Taylor Johnson,35,55922 Palmer Brooks,Lake Brandiside,Pennsylvania,39782,83.807310,-69.8244815
Veronica Jenkins,76,47165 Jerry Pines Apt. 177,North Jennifer,Georgia,30175,84.740676,-11.9588105
Dylan Hall,19,6525 Derek Ports,South Kellychester,North Carolina,83328,10.343915,29.655920
Justin Reed,42,91628 Flynn Crossroad Suite 370,Christopherfort,Kansas,49757,26.252696,35.4920665
Brad Spencer,55,502 Ashley Meadow,North Heidimouth,South Carolina,59875,-155.659762,-6.9481475
Cynthia Rice,62,48171 Nicolas Inlet,Gabrielamouth,South Carolina,93358,2.220622,-65.007875
Ashley Jackson,59,637 Haynes Throughway,Rachaelview,Oklahoma,94451,-126.888318,14.466175
Kristen Moore,50,777 John Burgs,Lake Katherine,New Jersey,57313,-103.766679,-0.925397
Christopher Simpson,80,271 Peterson Groves Apt. 175,North Evan,South Carolina,99336,87.598313,-57.1749945
Robert Keith,43,23790 Leslie Causeway,Jacquelinemouth,New York,26706,-28.421635,-82.5288535
Edward Johnson,60,58892 Hernandez Walks,Jensentown,Utah,74972,65.608916,-40.476542
Danielle Howard,46,294 Gina Pike Apt. 372,Lake Heatherfurt,Idaho,92141,91.431444,-80.092202
Jessica Christian,78,88189 Jimmy Rapid Suite 708,North Brandi,Indiana,80296,-104.880550,57.5610655
Mark Jones,68,021 Ashley Fort,Carpenterland,Montana,59367,148.094681,-36.0560965
Daniel Anderson,31,53641 Todd Trace Suite 364,Nathanton,Kansas,44899,-121.649110,-40.4529745
Charles Pham,65,80910 Kelly Light Suite 242,East Jacob,Virginia,50677,-135.747214,-59.7298945
Richard Brown,49,0675 Lloyd Ports,New Andrew,Pennsylvania,32482,-85.883235,50.6776315
Anna Brown,56,70657 Sandoval Skyway,Petersonmouth,Georgia,40772,-127.743670,-47.0221195
Nathaniel Nguyen,36,028 Miller Ford Apt. 478,New Danielview,Louisiana,05201,65.140922,-65.7198845
Steven Wade,63,05724 Williams Points Apt. 847,South Nicolefurt,New Mexico,89879,53.927959,10.290505
Keith Terry,42,91542 Maria Pass Apt. 526,West Manuel,Illinois,77050,80.930961,72.9024725
Carolyn Bell,62,061 Rebekah Isle Suite 259,Andrewchester,Nebraska,06728,71.178900,85.166186
Amanda Ramirez,79,7273 Adam Inlet,West Bryanburgh,North Carolina,51923,-19.124559,12.3177375
Daniel Salazar,37,5266 Carson Turnpike Apt. 789,Gabrielletown,Louisiana,19645,77.020446,-70.5940475
Linda Morse,27,78487 Burton Road,Jonathantown,Nebraska,42454,-7.845415,-22.6071655
Mr. Vincent Horne,49,024 Smith Islands Apt. 218,Ericksonton,Missouri,23439,175.649058,-37.7800895
Cynthia Smith,62,790 Weaver Wall Suite 108,Johnview,Ohio,25418,-13.650075,-10.2632845
Erin Brown,35,3692 Kimberly Light,Rodgersville,Texas,50025,9.993343,27.272416
Samantha Potter,33,30760 Johnston Brook,Stephaniemouth,Arkansas,83651,7.800978,-2.406321
Amy Nguyen,45,739 Hughes Canyon,New Alyssa,Massachusetts,75844,-40.413750,52.038414
Ryan Young,50,35162 Lee Forks Suite 090,Alvaradotown,Hawaii,96684,75.686432,-15.767760
Holly Anderson,49,413 Jeremy Manor,North Susan,Oregon,08721,79.780117,32.2695565
Larry Graham,29,045 Fuller Manor,New Laura,Delaware,99407,161.994215,-39.5729765
Jacob Young,31,519 Williams Run,Brownmouth,Wisconsin,91776,129.279867,-50.649046
Jeremy Johnson,20,43318 Jordan Terrace,East Angela,Illinois,12642,-45.216599,88.549294
Karen Stevenson,76,016 Kayla Drives,Owenville,Colorado,16753,-161.311292,85.166115
Robert Carter,51,83817 Julie Avenue,North Edwardside,Oregon,06171,53.793777,-77.050840
Theresa Barrett,24,9420 Collins Falls,Port Phillip,Kentucky,91967,-136.742565,-32.9895825
Patricia Mitchell,24,1667 Curtis Branch Suite 164,North Jennifer,Montana,62720,46.658515,74.9961455
Eugene Taylor,75,4437 David Trafficway,Bakerchester,Maryland,46979,-28.066089,-63.1269575
Natalie Kennedy,30,49973 Davis Prairie Suite 032,Lake James,Alabama,04610,-31.996075,18.4496775
Kayla Kaiser,39,58078 Gonzalez Bypass,Hammondport,Arizona,56238,-82.391049,73.9522495
Anna Hayes,20,2449 English Estate Suite 475,South Sandra,Oregon,61017,-40.689139,-66.464386
Willie Cummings,65,6255 Michael Shoals Suite 992,Michaelton,Vermont,17044,-155.185957,-69.8530865
Matthew Fletcher,66,586 Summers Crest Suite 658,East Nicolehaven,Oklahoma,62550,-74.721819,14.0856885
Christopher Walsh,37,844 Davis Mountain,Lake Paula,Hawaii,48843,-164.606505,38.6057515
Ashley Pham,28,1205 Marie Terrace Suite 104,South Brandon,Utah,21045,102.140911,-43.9140475
Melody Hensley,23,9643 Donna Way,South Donna,Kentucky,85453,167.423415,39.096061
Ryan Choi,39,689 Figueroa River,South Michael,Utah,29496,-178.311622,-85.1121525
Dylan Ward,73,366 Henson Lock,Joseborough,Florida,66452,148.641808,-18.4552335
Tina Porter,32,752 Adams Circle,South Joseph,Connecticut,84969,11.108523,17.757077
Leonard Walker,44,221 Jonathan Burgs Suite 163,Adamsstad,Maine,62787,81.249261,-32.072934
Danielle James,26,92341 Joseph Inlet,Port Scottburgh,New York,02718,-31.607923,-44.3719415
Peter Booth,50,693 Potts Motorway Apt. 305,Douglaschester,Pennsylvania,55178,73.604829,-24.366383
Lonnie Perez,57,425 Williams Cape,Laurenton,New Jersey,22396,77.070625,55.9685575
Nicole Cain,73,7968 Lisa Freeway Suite 375,Tannerberg,Illinois,34136,1.654556,-31.3993725
Nathaniel Orozco,61,4074 Samantha Roads Suite 236,Williamston,Missouri,41777,23.331967,87.6766105
Deborah Rodriguez,32,8800 Lisa Square,Port Jenniferstad,Florida,15198,103.325516,48.7372305
Todd Phillips,79,716 Joshua Wall Suite 562,East Carlland,Illinois,98926,-52.216474,-76.9688995
Connie Kennedy,39,73231 Bryan Roads Suite 680,Port Stacey,Rhode Island,11143,172.590628,-66.182281
Gwendolyn Simmons,19,54611 Taylor Expressway Suite 062,Campbellchester,Georgia,46746,-58.303106,-39.455755
Tracy Torres,51,0199 Jill Locks,New Briannahaven,California,42427,92.567126,-19.3138845
Robert Campbell,27,102 Earl Ferry Suite 078,Luisberg,Nevada,01125,-52.768384,-3.5370165
Wendy Baldwin DDS,60,2052 Hall Crossing,South Christopherburgh,Kansas,58736,49.624836,38.559941
Keith Armstrong,30,6228 Lauren Camp,South James,New York,63234,-98.765463,-4.623714
Jerome Taylor,58,07621 Rangel Trail,North Brian,Missouri,62382,-3.065272,-73.346831
Veronica Ballard,43,064 Glenn Mill,Lake Benjamin,Oregon,85981,-103.180372,73.729787
Ashley Cooper,52,1222 Ortiz Lodge,New Calebport,Rhode Island,18224,-63.128678,-39.4689575
William Michael,61,3182 Kimberly Skyway Apt. 223,Christinechester,Texas,41537,122.824621,88.6965795
Karla Huff,61,686 Mayer Haven Apt. 289,South Julie,Oregon,50901,117.173920,42.435664
Joseph Cherry,38,71748 Sandoval Inlet,Hessside,Rhode Island,72315,142.388166,-85.363604
Ann Thomas,20,8689 Cory Ridges,Samanthaport,New York,50827,-156.052624,37.7579115
Jennifer Brennan,58,632 Elizabeth Meadows,Brownport,Wyoming,24195,63.105445,36.6917025
Ryan Howell,21,9381 Davis Alley Suite 352,Brucemouth,Tennessee,51365,120.703861,-29.4749405
Michael Prince,63,2769 Tamara Fort Apt. 742,Kellyberg,New Mexico,57790,37.414357,-47.077685
Mark Grant,28,7255 Rush Dam,West Ericaton,Utah,53716,-69.621578,-24.709680
Andre Green,49,436 Smith Key Suite 314,New Tonya,Arkansas,14343,-87.598130,80.572458
Debra Powell,29,71496 Veronica Squares Apt. 386,West Brendanfurt,Indiana,02696,-92.125982,-19.117204
Dennis Smith,26,91378 Cooper Isle,Port Lindsey,California,44300,97.315371,57.5600455
Larry Baker,33,57647 Howard Spring,North Lauraside,Rhode Island,58088,15.138392,83.7343475
Ronald Ramirez,68,4892 Armstrong Land,East Courtneyside,Georgia,04284,-113.431650,-86.9356785
Steven Stephens,36,13094 Nolan Forge,Tinaview,South Dakota,77017,-74.489618,7.805433
Joshua Lopez,36,40825 Jill Expressway Apt. 124,New Tracy,Alaska,05363,-96.602776,-70.819966
Paul Lopez,75,691 Erin Crest,Wyattton,Florida,90960,135.946155,60.7533925
Shirley Thomas,62,2906 Shawn Plains Apt. 190,Benjaminburgh,Nebraska,52674,148.693032,-52.1247035
Kelly Lee,22,90399 Angelica Pass,Velazquezview,West Virginia,03142,-178.209628,85.432417
Kenneth Jackson,21,951 Brown Trail,Markburgh,Michigan,47921,-55.488116,11.4412115
Holly Barnett,29,80239 Alvarado Plaza Suite 697,Melissaville,Idaho,36915,179.245037,29.278017
Melanie Thomas,46,11785 Byrd Keys,Ruizside,Arizona,41276,-172.091775,-28.623993
Suzanne Cooper,53,1329 Ashley Island,Port Megan,Ohio,71417,-2.158160,-70.812858
Joshua Sanders,73,40881 Dustin Viaduct Suite 473,Janefort,Louisiana,75202,101.086506,20.3598165
Michelle Johnson,75,0543 Chavez Avenue,Vasquezmouth,Washington,86842,77.225772,17.384705
Raymond Blair,40,151 Herring Ford Apt. 655,South Michelle,Florida,52152,33.987882,85.9645665
Victoria Burke,48,8916 Williams Courts Apt. 623,East Marissaport,Michigan,10274,-36.817724,-24.1950695
Willie James,49,62966 Brittany Mall Apt. 020,Hodgeton,Louisiana,40951,170.348732,-14.6594415
Erin Williams,61,7072 Bell Station,Timothymouth,Nevada,91445,-8.475421,-62.0563515
Joan Day,55,5436 Randy Port,Riosside,Delaware,40914,-50.089165,-46.517098
Tiffany Williams,78,447 Thompson Ferry Suite 585,North Patricia,Rhode Island,44777,54.911921,28.702857
Joseph Johnston,65,030 James Oval,New Sherrihaven,Virginia,99367,147.885248,46.4870495
Benjamin Jackson,47,07852 Matthew Camp,Port Brittany,Alabama,01126,170.821835,60.288492
Alyssa Lloyd,33,6386 Jason Extensions,Smithview,New Jersey,06929,91.692725,-62.127547
Sarah Hawkins,67,55875 Smith Trafficway,North Daniel,Kentucky,29316,-147.452535,33.5356275
Clayton Stewart,26,0697 Rich Fort Suite 570,North Dennisport,Michigan,63649,-38.907487,53.2055575
Brittney Dennis,79,9280 Briggs Flat,Josephton,Nevada,83561,-85.334483,5.634585
Colleen Adams,70,93701 Brenda Knoll Suite 872,Davidfurt,Vermont,46823,74.490394,11.7435635
Dana French,46,354 Leslie Wall Suite 267,Vincentview,South Dakota,03584,-47.969914,-50.003135
Lisa King,32,316 Neal Club Apt. 751,Hamptonbury,Kansas,56832,58.615212,59.034913
Anna Morgan,37,8752 Coleman Crest Apt. 144,West Ricky,Florida,59117,25.255734,-21.864079
Travis Franklin,19,231 Carlos Plain Suite 205,Sylviatown,Wyoming,69210,62.000894,-32.543288
Terri Christian,80,075 Lopez Manor Suite 717,Sheilaton,Idaho,47465,60.894763,-11.4661345
Andrew Wagner,24,3161 Smith Rapid,Port Christopherland,Nevada,60826,-2.567551,-78.2784075
Randy Dorsey,51,04900 Wells Center Apt. 095,Jordanside,Indiana,61161,52.507142,34.017354
Oscar Smith,57,482 Nicholas Port,West Erin,South Dakota,43839,-32.808648,51.262540
Heidi Howell,46,0021 William Drives,Dixonland,Delaware,16618,-65.061896,-82.2205875
Corey Thomas,75,40069 Christopher Brooks,South Dylan,Delaware,29403,-106.142050,29.4774015
Rita Burns,78,916 Kathy Lake Suite 803,Crystalmouth,Louisiana,07189,100.910420,-41.8168345
William Jenkins,79,0141 Boyd Circle Suite 116,Lake Michelle,West Virginia,89113,-116.603578,18.639672
Richard Scott,36,271 Dunlap Divide,Joshuaville,New York,62669,-97.100265,-72.428984
Krystal Landry,50,6673 Rogers Knolls,Cruzburgh,Utah,36320,-144.861286,-15.3781035
Tara Parker,57,095 Nelson Trafficway,Lake Cathyton,Utah,99111,96.189867,20.6864535
Thomas Rollins,47,11784 Harrison Walk,Stacyview,Kentucky,31452,-150.145978,44.4907065
Dr. Lucas Clark,19,31719 Merritt Way,South Wendyhaven,Utah,62062,-102.724920,80.414874
Emily Garcia,32,21420 Carla Spring Suite 665,Jamesview,Hawaii,46562,-107.758561,7.3128295
Jared Romero,28,1318 Little Forge,Rogersside,California,75309,-6.736325,-71.430610
David Wright,19,0748 Thomas Forks,New Amandaland,Washington,40418,174.340664,18.5912895
Lindsay Oliver,35,388 Salas Forge,Henrystad,Rhode Island,19188,-1.277142,54.614829
Jaime Lowery,18,665 Thomas Shoals,East Shellyshire,New York,11130,97.547537,19.560673
Sarah Carpenter,67,126 Christina Vista Apt. 814,North Ericashire,New Hampshire,93863,29.864414,85.3172345
Tyler Jackson,48,984 Adams Plains,Lake Frank,Arkansas,91877,57.499503,25.177785
Mr. James Hunter,57,623 Cassandra Gateway,Mckenziefort,Rhode Island,18457,111.015261,-10.058643
Tamara Rice,61,10456 Velazquez Knoll,West Gerald,Maryland,94644,107.946686,-1.310182
Joel Chen,80,091 Stout Brooks,Christopherfurt,Michigan,35270,38.324598,77.286321
Jenna Tyler,49,78508 Silva Cliffs,Garciabury,Texas,24097,4.781110,56.0888875
Marcus Owens,75,693 Marks Stravenue,East Albert,Michigan,24275,-55.495190,-88.655183
Megan Barnett,58,3727 Charles Mountain Suite 131,Melissastad,Washington,17210,114.092270,-28.075507
Melanie Rivera,19,1154 Chase Trace Apt. 453,Port Brandy,Vermont,71848,59.588897,-5.9304545
Anthony Carroll,65,370 Weeks Walk Suite 347,East Charlesport,Kansas,35901,-84.131404,-63.199819
Stephanie Lewis,33,300 Carter Crescent Suite 916,West Joseph,Maryland,01100,-54.984322,-39.815044
Jessica Franklin,80,86030 Robert Hills,Port Stacy,Tennessee,13219,-96.175369,-43.438024
Jason Byrd,66,7609 Gwendolyn Streets Apt. 559,Stronghaven,Hawaii,13321,-49.394796,-65.5001245
David Mooney,50,0888 Randolph Forges,West Annastad,Louisiana,78006,128.293723,67.467912
Melanie Cervantes,21,22237 Washington Radial Suite 430,East Thomaschester,Florida,17879,132.409889,5.5917745
Jordan Davidson,22,819 Mcdaniel Well Apt. 374,South Sherriville,Oklahoma,85410,-50.637330,-4.791124
Samuel Berry,35,73077 Samantha Branch,New Joanne,Kansas,70181,-150.033369,-6.910755
Tammy Wright,22,0642 Andrea Creek Apt. 686,Michellechester,New York,58789,121.334391,-79.330422
Christopher Duran,65,688 Ryan Extension Suite 608,Mitchellfurt,Alaska,27727,112.370308,-4.4219775
Jerry Johnson,54,7570 Brandon Square Suite 839,South Edwardland,Hawaii,93116,-22.502552,20.497327
Julian Brooks,68,560 Woods River Suite 376,Jonesside,Idaho,84562,-28.307139,-45.5027135
Reginald Alexander,24,009 Williams Ford,Perezmouth,South Carolina,24850,123.984546,-30.211943
Carlos Riddle,67,91305 Andre Crossroad,North Darleneton,Idaho,73617,-82.563022,-0.1229105
Anthony Gray,52,966 Kennedy Parkway Suite 242,New Kaitlyn,Colorado,06759,-129.771113,-11.796541
Dylan Smith,34,38061 Gregory Stravenue,Robertstad,Wisconsin,74001,21.705812,53.351659
Danielle Kelley,49,03894 Moore Harbor,Wilkersonchester,Virginia,31725,-143.707703,-38.5381565
Danielle Sutton,73,453 Matthew Village,South Jeremiah,Tennessee,20626,157.334213,-75.117914
Shannon White,46,338 Moore Pine,East Mary,Kentucky,83198,-123.314830,-41.9074995
Sandra Bond,62,10853 Rodney Manors,Thompsonhaven,Maine,87548,-130.463334,75.8867095
Nicholas Foster,44,66185 Blake Ports Apt. 025,Stokesport,Tennessee,36834,137.160061,6.036934
Gary Hunt,35,89034 Olivia Park,Scottmouth,Michigan,62000,174.020351,-35.0421625
Meghan Hughes,30,1069 Morales Falls Suite 097,Angelaberg,Rhode Island,12626,53.208409,1.812700
Adam Schultz,22,9844 Waters Estate Suite 997,Lake Williamland,New York,61579,61.641004,-63.3020695
Matthew Dillon,74,512 Julie Ways Suite 893,Youngville,Michigan,51599,-141.469963,-79.680064
Olivia Jones,33,621 Miller Bypass Apt. 911,South Erictown,South Dakota,72727,160.629978,73.9918725
Luke Cole,44,7899 Andrew Ways,East Josephmouth,Arkansas,55980,-126.740154,69.432191
David Winters,41,844 Fleming Views Apt. 053,Annaland,California,43341,-137.159020,27.2984305
Elizabeth Rogers,24,3806 Nelson Ways Suite 389,South Matthewport,Mississippi,03477,139.637903,-40.903776
Diana Osborne,56,12064 Scott Creek,Port Ritafurt,Alabama,93072,141.079550,28.7729345
Andrew Tate DDS,64,4067 Dawn Ville,Port Erin,Texas,04599,-166.034103,-1.2169665
Veronica Phillips,28,64974 Alexis Walks,Santosburgh,Maryland,36111,-26.503836,67.549664
Erica Jones,62,924 Patrick Views Apt. 151,Jenniferhaven,Nebraska,88683,171.860725,31.4185625
Yolanda Stewart MD,43,7305 Kathryn Skyway Suite 660,Bethanyfort,Alabama,47059,-33.817312,39.6285375
Ashley Bryan,80,59926 Jerry Lights,Port Brendan,Massachusetts,16411,97.602413,-53.216090
Joanna Reynolds,36,03795 Alexis Crossing,North Morganmouth,Hawaii,65108,33.112896,68.7368285
Sophia Wilson,31,231 Francisco Squares,South Seanshire,Oklahoma,58064,-103.644455,-46.327504
Alan Dennis,63,8375 Guzman Knoll Suite 852,Emilyberg,Ohio,56684,-23.873666,3.839981
Carmen Williamson,32,895 Bowers Haven,Port Hannah,Montana,75188,115.019386,-8.3585675
Brendan Matthews,59,28401 Mckay Place Apt. 442,Garciaborough,Alaska,59955,-66.546997,-68.356358
Christine Hall,55,83655 Henderson Ports,West Josephbury,New York,15419,89.184713,-83.846544
Alexander Martinez,34,677 Michael Lock Apt. 498,New Tiffany,Minnesota,12321,-143.617799,-74.888034
James Flynn,50,387 Cox Park,Jonathanside,Mississippi,28755,-38.165195,34.757720
Diana Howe,55,45811 Matthew Trafficway,North Michael,West Virginia,22683,48.774076,-11.8850355
Michelle Wang,25,48037 Burton Inlet Apt. 320,East James,Arkansas,70118,-173.891396,-83.8480505
Amy Flores,44,988 Stephen Curve,Dennisville,Kansas,92116,103.530171,47.0578895
Raymond Herrera,77,3473 Laura Pine Apt. 516,Shannonshire,Illinois,01908,9.076535,29.0069955
Robert Murray,44,998 Daniel Expressway,Craigchester,South Dakota,70383,173.052014,2.2965795
Kathy Price,38,6370 Garcia Manor,South Cameron,Iowa,04297,107.448215,19.7777255
Trevor Goodwin,40,44290 Cassandra Landing,Henryside,Oklahoma,55329,-3.154434,64.111134
Lindsey Carson,27,4958 Amy Forges,New Stephenfurt,Mississippi,98538,66.265515,-78.1460255
Danny Perry,23,9302 Michael Lakes Apt. 521,New Barbara,Montana,89468,-62.090883,-25.4374395
Amy Cherry,28,035 Smith Mills,Lake Ryan,Oregon,53758,66.253365,-72.4847245
John Mitchell,52,293 Dawson Freeway Suite 766,Morrisontown,Missouri,33461,-72.372276,-49.4826025
Michael Long,58,465 Timothy Wells,Port Kimberlychester,Georgia,61873,138.115503,-29.712034
Robert Miller,27,617 Lewis Drives,Martinezshire,Washington,94909,97.603505,57.226425
Darren Rivas,67,59588 James Hollow Apt. 929,East Aaronport,Wisconsin,09130,104.083331,89.577607
Kathleen Sanchez,34,963 Hernandez Crossroad,Johnburgh,Illinois,60998,1.076442,-17.946011
Anna Moore,45,7622 Rodriguez Causeway,North Lauren,West Virginia,42900,-123.056567,89.162912
Dr. Steven Colon DDS,41,779 Eric Trail,Adamsmouth,New Mexico,62716,106.455588,-73.9526535
Levi Sampson,68,8050 Johnson Causeway Suite 688,Kruegertown,Nebraska,69626,-67.504621,-32.4563685
Tyler Medina DVM,60,4041 Khan River,Shawnberg,Oregon,22821,-50.294926,37.940633
Dr. Robert Rivera,65,19770 Greer Mission,West Kevinbury,Maine,75573,-43.119182,47.2580955
Nicole Washington,26,8730 Collins Radial,Abbottland,Alabama,33450,113.531683,19.624446
Andrea Young,67,6195 David Prairie,North Jeff,Minnesota,62172,46.338279,-49.1732315
Rodney Watson,53,2999 Henry Point,Port Timothyside,Washington,26115,137.277315,-51.005036
Kevin Williams,50,569 Mcclain Estates Suite 894,Bowmanfort,Mississippi,66599,-163.486677,-38.910693
Shawn Rodriguez,38,02621 Moore Shoals Suite 521,Lancefurt,South Dakota,44226,-147.069439,11.6911425
Charles Lee,58,44870 Brown Union,Melissamouth,South Dakota,50808,-1.913372,-3.313480
Mary Alvarado,77,83990 Ian Row,Port Danielburgh,Louisiana,82935,87.228616,37.5466725
Ronald Rodgers,75,606 Travis Roads,Hebertport,Mississippi,93694,-162.865094,-30.115665
Adriana Carroll,79,655 Norris Viaduct,Andersonborough,Indiana,03883,68.361805,-60.0227695
Angel Wright,75,033 John Crescent Suite 301,North Robertport,West Virginia,59146,46.537752,81.5144395
Brett Gomez,42,2022 Jeremy Landing Apt. 665,Wolfetown,Iowa,62065,23.958998,-40.999301
Adam Daniels,23,972 Miranda Squares Apt. 726,Heathershire,Maine,36695,-144.838783,68.757947
Victor Bradford,70,03586 Dawson Summit,Cynthiamouth,Utah,12867,-50.956378,-22.1780765
Rachael Massey,33,45240 Lawson Valleys,Danielborough,South Carolina,46090,-115.702302,-52.444360
Jamie Lewis,37,323 Mary Drive Apt. 655,Ericside,Illinois,54362,176.981404,72.3834365
Nancy Jackson,75,316 Lisa Shore,North Alexandratown,Colorado,28082,46.834351,-77.4005955
Brittany Fletcher,67,80209 Mann Light,West Holly,Minnesota,68467,-5.182959,51.659166
Stephanie Cohen,61,30728 Jennifer Turnpike,Stephaniehaven,Arizona,92202,133.079170,-62.503270
Kenneth Murphy,70,674 Edwards Lane,Tinaborough,Oregon,96114,48.363160,28.242482
Steven Rogers,54,7996 Daniel Harbor,North Megan,Louisiana,10100,-100.727822,59.5018375
Crystal Chase,49,399 Parker Flats,Rebeccaview,Missouri,30288,-88.561259,27.5439625
Beth Mccann,52,363 Brittney Flat Suite 730,Bentleyview,New York,44618,-0.270404,-88.5385395
John Watts,77,11966 Riley Dam,Monicatown,Nevada,45222,-151.749574,88.1074815
Molly Lopez,49,7416 Monique Freeway Suite 455,Matthewhaven,Virginia,76442,95.769667,-74.076119
Travis Thompson,66,7544 Morrison Track,South Jessica,Missouri,40365,72.894425,77.193210
Stephen Reed,49,17629 Melissa Glens,Tylerborough,Connecticut,36689,-40.187731,40.0030125
James Coleman,77,63688 Figueroa Canyon,Ericton,California,06932,31.030029,81.9185235
Gabrielle Cook,58,771 Baxter Alley Apt. 340,Lake Markstad,Hawaii,29111,41.286207,13.2685625
Douglas Williams,36,0078 Laura Avenue Apt. 788,Adamston,Iowa,84888,84.467452,80.084423
Mrs. Kathryn Torres,70,4638 Parker Pike Suite 045,East Jason,New Jersey,06337,51.169751,-17.377699
Albert Gonzalez,62,93697 Newman Locks,Port Gregory,Arizona,81578,40.265808,-13.277556
Bradley Calderon,40,4360 Williams Forks,West Samanthabury,Maine,44715,66.859351,58.8426655
Sean Henderson,41,35023 Smith Street,Ericstad,Indiana,11670,-40.908260,-73.8350315
Michelle Lee,74,4297 Wells Plains Apt. 112,Ingrammouth,Delaware,63590,36.714872,22.182141
Kim Wallace,28,377 Kelly Loaf,Millsport,New Hampshire,58961,-175.271190,-89.244572
Judith Mcintyre,36,25276 Benjamin Bypass Apt. 816,Jacquelineburgh,Alaska,86423,151.111257,-25.8709115
David Preston,23,9599 Jacqueline Isle,Denisefort,North Dakota,72510,93.967457,57.3071345
Kimberly Ibarra,63,73372 Cody Rapids Apt. 905,New Patrick,Kansas,83712,67.740434,60.820847
Jeremy Davis,20,5295 Alvarez Oval,East Ronnieville,Vermont,50855,6.839080,71.2167115
John Griffith,22,21432 Alvarado Route,Port Rebecca,New Mexico,03944,-104.558170,-8.407791
Jennifer Peterson,35,7856 Fisher Mall Apt. 832,West Joshualand,Pennsylvania,74460,79.197013,-14.0294085
Rachael Wood,20,054 Sarah Highway Suite 531,Kristiville,Idaho,88249,122.694216,41.0873595
Richard Howard,70,905 Phillip Prairie Apt. 394,Davisshire,Virginia,11260,111.876963,1.9533055
Lindsay Escobar,47,4478 White Squares,North Lindaport,Arizona,50638,-88.320766,74.132167
Amy Kennedy,40,5178 Sweeney Radial,Andrewberg,Pennsylvania,83812,-94.697510,83.4358485
Julie Weeks,55,96443 Johnson Skyway,West Thomaston,Utah,63932,9.993677,-29.9881515
Kiara Ross,44,5943 Cisneros Plains Suite 220,Port Ryantown,New Hampshire,96995,95.043883,5.6945595
Alan Sloan,37,17494 Jason Plains Suite 934,Caitlinhaven,Indiana,15324,-65.529683,62.476098
Michael Gray,65,91087 Smith Square Apt. 118,East Laurafurt,Nevada,49572,-31.308561,9.545429
Leah Mccormick,34,116 Rhonda Mount,Martinville,Kentucky,27937,-172.675836,65.294789
Deborah Jackson,62,209 Michael Parkway,Lake Claudia,Alabama,39399,145.418648,-47.161498
Daniel Delgado,57,882 May Mount,Kathleenberg,Iowa,18618,-139.748324,20.061730
Amanda Thomas,50,7759 Johnson Lock Apt. 602,East Kelly,Montana,35139,-91.972504,89.245124
Cameron Oliver,42,990 Kelli Spring Apt. 693,Morrowview,Florida,40524,127.191482,-52.9781865
Kristina Lindsey,46,5022 Sullivan Mountain Suite 376,Lake Brandonshire,Virginia,08361,20.454206,-22.051773
Mercedes Archer,39,87210 James Dale,West Kellymouth,Kentucky,83369,-169.895039,-55.2559455
Miss Elizabeth James,21,868 Leah Road Apt. 116,Piercebury,Washington,37711,-71.884748,-21.548970
Michael Wood,42,990 Howard Drive,Michaelberg,Vermont,04541,150.142215,-84.9842485
Jesus Robertson,44,0578 Joyce Station Apt. 325,Kevintown,North Dakota,39445,161.445484,14.0075445
Ricky Jacobs,43,37267 Mullins Isle,Port Sherritown,California,93712,157.674692,-4.3960815
Joshua Duffy,67,2930 Crawford Mews Suite 878,East Scott,Texas,68463,101.117099,13.280339
Sarah Rivera,61,9407 Zimmerman Green,Hernandeztown,Nevada,85432,-92.367223,-49.197434
Leah Mueller,36,32984 Weaver Vista Suite 720,Russofort,Alabama,20460,-50.660960,-89.746476
Matthew Gonzalez,54,843 Avila Fords,Michelleview,Illinois,20110,149.968475,-0.986212
April Howell,37,54818 Rodriguez Island,North Katherine,Ohio,12427,30.044247,61.191268
Danielle Torres,28,701 James Villages Suite 841,New Keithland,Kentucky,92405,23.604913,59.2269695
Cheryl Duncan,24,12367 Christian Terrace Apt. 043,Davisborough,North Dakota,40840,133.032541,-58.7240345
Jason Dickerson,37,95009 Julia Fork Suite 227,Odomshire,Maine,37556,51.266584,20.966962
Brandy Long,45,003 Susan Curve Apt. 251,Williamsonview,Missouri,53826,1.991834,24.9565835
Catherine Blair,44,949 West Wall,East Marissa,Kentucky,16766,-76.099907,-6.2298725
Wesley Rodriguez,78,2899 Justin Isle Suite 647,Johnchester,Texas,05494,-132.346023,22.1891385
Zoe Powell,21,15539 Johnson Circle Suite 283,Troyshire,Washington,38819,-76.203567,-14.232519
Raymond Castillo,41,118 Martha Mews,Taylorport,Kentucky,32771,21.126367,-34.4846535
Dennis Parker,30,671 Abbott Knolls,Brandyside,Florida,70504,-79.265809,30.802125
Tami Gonzalez,62,5134 Lance Ridges Suite 158,Hardyfort,Wyoming,52967,115.172586,39.368995
Jonathan Clements,53,488 Wayne Forges Suite 501,Herringmouth,West Virginia,90145,170.977538,1.4396565
Maxwell Smith,51,6776 Charles Fields,Lake Tina,Oregon,37448,34.252567,-40.948768
Michael Stevens,42,5529 Jill Canyon Suite 465,Parkerview,North Carolina,66134,129.970862,2.155354
Patrick Roberts,72,6377 Carrie Villages,West Wendy,New Jersey,96891,-60.539454,-59.5728295
Brian Hughes,61,277 Eric View Apt. 139,Angelaview,Missouri,23124,158.171623,58.734409
Herbert Sullivan,48,6850 Allison Flats,East Jason,Tennessee,77438,-100.646774,-1.0922915
Lisa Phillips,67,45248 Smith Fort Suite 784,Lake Alice,Wyoming,54290,-164.487328,-61.7582005
Miss Joann Johnson,66,4466 Bryant Place,Millshaven,South Carolina,74743,62.911882,36.267095
Gary Reed,52,41833 Wade Port,Aliceton,Kansas,60305,-71.023856,-14.821803
Joanna Stewart,77,44626 Murphy Orchard Suite 283,Robertstad,New Hampshire,52470,-23.703057,-12.607167
Rachel Miranda,63,02316 Garrison Course Apt. 159,North Aaronburgh,Colorado,28688,52.374332,20.883924
Summer Dennis,49,60838 Corey Grove Apt. 111,Knighttown,Kentucky,22106,158.845882,-64.4122005
Larry Rogers,18,608 Sutton Park,North Sara,New Mexico,09248,140.705533,72.457214
Diane Sullivan,30,301 Robert Course Suite 694,North Sharon,Vermont,78610,-159.735024,-81.558487
Jason Rivera,59,559 Lucas Roads Apt. 904,South Jennifer,Wyoming,02526,-26.643329,-23.913354
Carlos Snyder,32,598 Sarah Track,Williamsburgh,Massachusetts,29291,179.992272,30.0453525
David Carrillo,75,590 Todd Cliff,Kellyfort,Alaska,35690,-159.464358,55.7526205
Bernard Hoffman,22,622 Hall Ranch,Rojashaven,Missouri,98513,143.916853,-2.278998
Adam Davis,67,162 Crystal Greens,South Jessicahaven,South Dakota,57979,-135.652443,56.921694
Jeremy Ware,61,846 Wiggins Lodge Apt. 271,Port Michelle,Oregon,58976,82.881241,-40.1802415
Monique Reed,21,879 Perez Isle Apt. 346,Cochranbury,Alaska,47901,-109.939544,69.167348
Amanda Lopez,69,17907 Ellis Fall,Joannmouth,Indiana,54667,90.186288,-41.6076725
Jesus Edwards,52,2051 Billy Orchard Suite 668,South Jonathan,Ohio,61492,-171.400737,62.342112
Justin Wright,37,260 Cabrera Stravenue Suite 947,Justinville,Montana,33382,78.107542,49.2753545
Vanessa Burns,30,654 Jermaine Common Apt. 083,West Jason,Florida,17997,171.848047,-1.6139485
Christopher James,36,88337 Eric Knolls,Aaronfort,Oklahoma,13333,-73.842949,52.865303
Curtis Camacho,49,78055 Crystal Isle Suite 005,South Georgeside,Massachusetts,69574,54.717057,-60.4715385
Laura Webster,72,589 Sanders Rapids,Kaitlinbury,Florida,82194,151.415129,89.749484
Stephen Collins,71,45415 John Corners,South Jonathanview,Wyoming,69494,91.010692,-17.766996
Dominique Jordan,75,1335 Todd Hill,Maldonadoburgh,North Dakota,16883,163.114138,-61.0228885
Amanda Ryan,21,883 Valdez Mountains Suite 650,South Jennyport,Oregon,18168,74.677543,60.5021575
Julia Gonzales,34,2981 Richards Ports,Katherinechester,Minnesota,72401,-140.304292,84.862309
Darryl Gonzalez,45,102 Brenda Park,South Nicholasview,New Mexico,99618,67.548385,72.6639825
Thomas Smith,24,1926 Smith Valley,East Leah,Tennessee,37877,-117.262112,33.4306755
Deborah Jones,48,775 Suarez Mountains,South Allisonmouth,Massachusetts,28843,-123.984869,66.1761775
Jordan Taylor,35,31417 Russo Forks,Morgantown,Arizona,00661,-77.440593,42.6714505
Richard Harris,24,7795 Haley Fall Apt. 603,Davilachester,Arizona,90702,120.708408,6.350117
Joshua Torres,30,542 Jensen Trafficway Suite 686,Franciscomouth,Alaska,16734,103.813677,8.445876
Kelly Ashley,56,65031 Miller Skyway,Port Nathanburgh,Louisiana,33971,-121.336759,-68.715093
Kenneth Gutierrez,42,59056 Mark Route Suite 136,Amandafurt,Indiana,77170,-163.692203,25.3946055
Jamie Mccarthy,62,4394 Mcdonald Well,Jasonland,Alabama,24951,52.168281,-72.4887765
Kristen Novak,29,98897 Andrew Park Apt. 725,North Andrew,Idaho,90807,-176.021771,81.721785
James Day,30,756 Christopher Mills Apt. 905,Rodneyburgh,Hawaii,84632,-67.004075,-18.136489
Roy Rodriguez,45,4076 Gary Extension,Port Danielle,Rhode Island,53398,-159.941319,-41.574274
Joel Ramsey,52,709 Coleman Greens,Kimton,Connecticut,44822,-141.698755,2.794881
Amanda Glenn,65,7401 Anthony Fields Suite 539,Christopherfurt,Alaska,02074,104.440841,-16.557464
Hailey Cooper,44,35973 Stephenson Gardens Suite 901,Tarashire,Tennessee,39737,179.045913,-9.840823
Olivia Reid,25,070 Courtney Burgs,Kellyfort,Vermont,53792,87.223163,-86.7510195
Katelyn Fernandez,78,1645 Nancy Highway Apt. 435,South Brandon,Wyoming,87544,-135.257348,18.1752675
Charlotte Green,46,48597 Wilcox Stream,New Shannonborough,Arkansas,83124,-49.933572,80.7337315
Michael Brooks,61,918 Ashley Tunnel Suite 282,New Kathleen,Nevada,35060,25.492765,-75.9015285
Benjamin Carter,50,923 Mayer Keys,Townsendland,Washington,70778,-125.285710,-20.5631665
Timothy Manning,18,9398 Stanley Mountains Suite 226,Tamifurt,North Dakota,68740,-135.154950,59.049015
Sarah Murray,80,384 Andrew Pine,North Aliciahaven,Michigan,27605,-41.885230,89.637105
Jose Ramos,47,88636 Jasmine Valleys Suite 627,Alexanderberg,North Dakota,87463,164.356879,7.4067895
Christopher Davis,78,1573 Torres Gateway Suite 689,Port Shaneview,Illinois,70540,44.093542,-62.446310
Dan Johnson,26,96879 Jackson Curve Apt. 832,West Jordan,Minnesota,69059,-177.751841,77.155715
Eric Rodriguez,67,247 Ryan Manor Apt. 282,New Taylorchester,South Dakota,38474,-101.141028,10.6463105
Andrew Torres,39,645 Copeland Ways Apt. 714,New Paula,Montana,42051,126.281771,-15.385740
Robert Matthews,40,8877 Lori Track Apt. 817,New Marvinport,Illinois,24182,-27.927766,76.580449
Elaine Wilkins,26,93785 Samantha Freeway Apt. 053,Carrieview,Nebraska,23961,-158.241162,25.9087235
Robin Rivera,49,274 Green Rest Apt. 116,South Leslieside,New York,16904,-19.800235,-30.313479
Tonya Barnes,78,691 Mary Rapids,Lawsontown,Wyoming,09761,-104.107097,-49.6875955
Leslie Gilbert,51,946 Jacob Keys,Port Ashley,Mississippi,37743,78.012265,-80.5396065
Danielle Cordova,73,51642 Foster Manors Suite 437,Grahamfurt,Texas,86355,152.770998,-10.396955
Shannon Hayes,23,67634 James Glens,North Paul,North Dakota,30994,-139.383272,-87.819740
Brian Tran,34,083 Timothy Ridge,New Jason,Alaska,60101,-135.873298,88.7945945
Megan Ruiz,45,30871 Elliott Curve,Lake Thomas,Rhode Island,26580,-118.008666,-64.687975
Richard Douglas,61,349 Derek Locks,Port Reginald,Maryland,87812,-59.895480,-37.364489
Katherine Johnson,52,08196 Sheila Mount,Ryanside,Minnesota,21823,69.661014,-61.5582355
Matthew Moore,74,5896 Danielle Path Apt. 357,Jacobstad,Texas,79607,39.509105,15.4134515
Katrina Tyler,52,81003 Colon Brook,East Andrew,Rhode Island,75560,-111.504515,19.2076575
Ashley Nguyen,22,384 Jon Manor Apt. 510,South Meredithstad,Washington,69755,68.056955,14.7067825
Theresa Barry,20,69196 Donna Ridge Apt. 117,Smithburgh,Georgia,61892,-122.234016,60.2615985
Benjamin Pham,54,7031 Robinson Run Apt. 576,West Johnhaven,Wisconsin,21448,-117.465340,70.0590165
Jesus Stevenson,50,3814 Tammy Field Suite 741,Port Josephfurt,Mississippi,41203,84.779231,-11.380212
Melody Gonzalez,75,7910 Cory Radial Suite 291,Angelatown,Tennessee,18829,165.618723,86.1084875
Danielle Hoover,46,985 Bauer Oval,Angelaland,Hawaii,52432,14.124161,13.4655815
Mrs. Elizabeth Shannon,49,41877 Erica Expressway,Richardsonville,Vermont,14394,-145.696817,62.770705
Steven Kim,66,028 Johnson Place Suite 212,North Michelleville,Ohio,08479,-168.683611,14.943051
Robert Frazier,52,33008 Oconnell Road,New Jeffrey,North Dakota,76843,-58.491948,14.5268345
Joseph Fields,73,00535 Boyer Locks,East Timothy,Colorado,43286,25.422804,65.0860085
Michelle Flores,74,877 James Gateway,East Brandy,Idaho,43974,-45.660265,-32.9643355
William Frey,53,773 Tony Prairie Apt. 847,South Melissatown,Missouri,28217,115.388374,-46.585200
George Benitez,64,492 Weber Rapid Apt. 418,Port Shannon,Tennessee,85640,138.410746,-79.0193215
Kelly Moore,44,294 Mark Spurs,Lake Hannah,New Jersey,44193,-153.365076,-48.502166
Brittney Mcclure,34,139 Osborne Ridge,East Johnmouth,Wyoming,58483,152.909313,52.086757
Jeffrey Mack,74,5487 Gates Crescent,Riverafort,Georgia,63455,-171.132672,32.647939
Jennifer Williams,42,89350 Walker Stravenue,South Arthurside,New York,10252,-40.036959,-49.7069475
David Lowery,60,6268 Erica Pass Apt. 379,North Matthew,Ohio,67814,102.594674,-32.8320525
Christopher Torres,63,417 Scott Shore,Reedburgh,Mississippi,24074,6.111853,87.9541395
Lisa Jackson,63,2883 Laura Hill Apt. 922,Seanhaven,Texas,04586,-112.084285,49.425823
Rachel Nelson,18,0044 Carol Plain,Lake Lisaborough,South Carolina,49089,-130.402173,4.219477
Matthew Baker,55,48076 Ariana Springs,West Michelle,Minnesota,53307,-44.523109,80.136999
Rebecca Thomas,50,90005 Peterson Expressway,South Margaretville,Utah,87537,54.152880,76.045176
Tina Medina,70,8634 Michelle Tunnel Apt. 185,Nunezmouth,North Carolina,35926,4.692157,41.1303485
Emily Webster,30,9913 Maxwell Spring Suite 205,West Daniel,Texas,24648,155.781343,27.927025
Dana Simpson,38,379 Casey Mission,Wolfeton,Delaware,23979,166.886607,82.1642355
Terri Beasley,56,8376 Virginia Corners,North Dwayne,Virginia,95589,-151.844516,27.1339785
Gregory Buchanan,20,7465 Melissa Flat,Floresburgh,Kentucky,16416,17.633158,35.8870425
Dr. Taylor Navarro,35,6291 Matthew Run,Lake Courtneyville,Ohio,62096,169.555361,-39.772451
Herbert Lewis,29,455 Russell Cape Suite 563,Keithmouth,Utah,34509,-150.490772,39.1674715
Donna Davenport,25,5474 Marshall Manors Suite 069,New Lucashaven,Delaware,28360,13.032684,1.1648775
Brandon Aguilar,53,21517 John Ports Apt. 871,West Karen,Kansas,19113,99.614018,13.4297585
Dustin Hunt,80,6951 Kristin Plaza Apt. 503,Johnsonhaven,Alabama,85737,123.791521,20.9292925
Holly Ellis,76,557 Robinson Crossroad Suite 772,New Christopher,Wisconsin,47801,143.736225,64.4302775
Robert Rivera,66,8283 Miles Oval,Stephenberg,Georgia,30421,44.489614,-47.1103415
Steven Hansen,48,551 John Tunnel Apt. 963,Wardhaven,Illinois,88422,168.849456,-70.0795275
Jo Daniel,23,1487 Carla Trail,Payneton,Louisiana,89993,-54.942334,62.398090
Kaitlyn Yang,22,731 Allison Ford Apt. 047,South Andrew,Kentucky,67365,-103.729678,30.2067515
Joel Maldonado,74,57495 Joshua Plaza Suite 153,Gallegosmouth,Maine,80156,34.745267,-27.386076
Brandon Mckinney,50,34583 Haynes Garden,North Julie,Washington,48460,158.026633,-71.6608755
Patricia Mack,44,454 Nathan Stream Apt. 219,New Melissaburgh,Vermont,13448,82.887157,-51.8367635
Kelly Kelley,28,032 Grant Fords,Edwardsburgh,Oregon,70254,166.257346,-25.1440585
Beth Curry,67,9780 Jason Streets,Lake Kyle,Oregon,10202,152.736998,57.748086
Darryl Taylor,50,54679 Santiago Forest Apt. 088,Port Carolview,Wyoming,65714,-129.667838,40.532881
Brenda Massey,60,2831 Xavier Island,Hudsonborough,Iowa,79782,-150.470308,-35.362198
Dr. Crystal Fry,48,694 Gray Mountain Suite 526,Port Royhaven,Georgia,93190,157.954255,-64.185493
Abigail Anderson,65,052 Torres Circles,West Rosemouth,Oregon,25529,45.088801,-28.1134895
Max Andrews,57,7710 Jason Station Apt. 082,East Michaeltown,Minnesota,95623,170.524743,-69.6233595
Michele Carter,22,72482 Clark Points Apt. 031,Kathyburgh,Utah,22814,-5.378576,67.6941105
Scott Moore,61,298 Gibson Meadow Apt. 043,North Vanessaview,Oregon,72315,-6.223021,-50.357187
James Crosby,61,024 Jennifer Curve Suite 444,Melanieview,New Jersey,89700,143.992594,9.130249
Jeffrey Martinez,63,7035 Ramirez Parkway,South Stephen,Vermont,17148,-49.469051,89.3909535
David Murillo,30,2332 Robinson Drives Suite 290,West Alexander,Indiana,16301,-155.649466,-20.892610
Rachel Pope,63,27850 Harris Lake Suite 527,Port Jacquelinehaven,Oklahoma,20737,156.682535,50.5898575
Thomas Shields,54,001 April Mountains,West Brandonstad,West Virginia,88448,92.689167,26.887170
Paul Gates,42,12959 Anderson Passage,Rebeccaburgh,Maryland,84834,-69.891170,6.0421385
Melanie Smith,77,0020 Torres Road Suite 462,West Kevin,Pennsylvania,96083,72.659885,-65.014904
Lisa Waters,70,8469 Rowe Court,North Douglasville,Mississippi,13495,34.236461,45.144342
Kimberly Taylor,21,532 Mark Estates Suite 274,North Gregoryberg,North Carolina,52930,-156.196623,-79.1603205
Joanna Sheppard,72,116 Marquez Harbor Apt. 319,Montoyaville,Mississippi,95054,151.400101,-55.255700
Susan Hill,50,3623 Boyd Vista,South Bradleymouth,South Dakota,31333,-7.324883,-78.202475
Jerry Greene,25,45109 Allen Pass Suite 940,West Kaitlynmouth,Alaska,37335,3.146499,66.5026315
Michael Mcintyre,74,666 Emily Stravenue Apt. 938,East Richardburgh,New Mexico,05752,-24.691996,-28.700685
Jared Parker DDS,47,8709 Crawford Haven Suite 621,South Tiffanymouth,Massachusetts,02315,91.960162,83.1146655
Kimberly Jackson,52,4334 Anthony Field,Jessicahaven,Kentucky,75023,-110.480167,63.503383
Brandi Larson,65,31575 Lewis Mews,East Travishaven,Oregon,61080,99.211729,72.228301
Ryan Rivas,28,887 Rodriguez Vista Apt. 198,Brendaville,Maine,11158,167.763805,-83.273986
Stephen Wang,55,288 Andrade Wall,Harrellfort,Utah,40824,-111.301423,-33.917102
Brandon Snyder,60,77106 Harris Landing Suite 192,West Stanley,Massachusetts,54878,89.199821,47.9182095
Cynthia Moyer,29,44571 Williams Port,Cortezmouth,Vermont,18967,135.101454,10.8083885
Dr. Paul Jackson,56,658 Grace Mills,Mackland,Connecticut,50549,146.383123,4.467517
Paul Ramirez,22,270 Christina Ramp Apt. 910,North David,Washington,66017,160.235731,-82.4061935
Sara Lee,50,3586 Melissa Bridge Suite 034,Douglasburgh,Ohio,33421,-143.682614,42.123227
Joe Munoz,25,0739 Bobby Freeway,Deborahfort,Michigan,58827,79.695597,73.0909585
Kevin Taylor,65,340 Cynthia Stream,Port Alexandraberg,Indiana,42255,-54.441381,36.457203
Sharon Davis,63,214 Brown Spur Suite 832,North Desireefurt,Maryland,97338,-81.596112,-81.676292
Robert Parker,67,114 Denise Ford,Port Stephanieside,Florida,61561,-98.529588,-32.6262075
Curtis Stanley,45,6536 Ramirez Row,North Tammy,Colorado,76964,-45.513711,-37.764978
Jill Williams,48,82429 Matthew Via Suite 295,Lake Bryan,Louisiana,72792,-12.602257,-3.9919075
Grace Payne,43,9897 Brittany Overpass Suite 304,Jamesville,New Hampshire,03844,-104.500170,33.5408665
Thomas Davis Jr.,53,736 Larry Row,North Valeriemouth,West Virginia,41998,161.757358,-46.548918
John Yates,35,60007 Newman Shore,New Rogertown,Kansas,71431,-64.559248,49.2723335
Nancy Jensen,31,4443 Hill Grove Suite 618,Carrietown,Tennessee,72680,126.881820,-71.956855
Guy Dixon,63,791 Lopez Spur Suite 656,Katherinebury,Alaska,44161,99.573346,28.919952
Jose Cooke,39,0418 Lee Turnpike,Jennifertown,Mississippi,34003,-98.878730,5.641173
Kevin Porter,36,603 Singh Station Suite 125,East Veronica,Missouri,34703,-119.842192,-68.5225015
Cindy Flores,57,1858 Jones Lock,Lisaview,Vermont,72826,-64.486528,-19.450482
Laura Nelson,68,09839 Rios Tunnel,West Aprilton,Alaska,87288,10.760672,-79.8826885
William Medina,51,190 Samantha Roads,Garciaton,Indiana,51544,-160.217039,-7.0685255
Joseph Holmes,25,7459 Webb Ridge Suite 654,Marcusshire,Michigan,25279,166.685118,65.429454
Daniel Morris,37,8554 Poole Run,Lake David,Rhode Island,23882,-150.712645,-33.868329
Gregory Flowers,72,4592 Trujillo Land Suite 618,South Richardmouth,North Carolina,00684,-159.474706,86.0498355
Stephen Carlson,29,0766 Shelly Route,Lake Alan,Montana,60163,124.318848,-88.160966
Chelsea Walls,61,98306 Garcia Crest Suite 653,Vanessaburgh,South Dakota,49039,-147.269714,-54.6246565
Patrick Smith,35,30400 Brian Valleys,Lake Randy,Alabama,44346,78.992592,3.835449
Hayden Schmidt,29,3554 Jordan Freeway Apt. 370,Gravesburgh,Michigan,22577,116.983330,64.156944
Joy Robbins,20,74727 Caldwell Spring,Johnborough,Rhode Island,89166,109.308122,25.411100
Dr. Michael Porter PhD,67,498 Stanley Isle,Richardton,Hawaii,68655,-51.818794,-8.527414
Alexa Williams,40,424 Jennifer Bypass Apt. 551,New Jade,Mississippi,02331,152.608947,-70.5364605
William Davis,21,87709 Isabel Drives Apt. 662,North Cheyenne,Mississippi,39200,108.504191,6.396231
Mr. Herbert Schmidt,50,893 Hannah Ports,North Daniel,Arizona,19876,160.409997,-33.498902
Mathew Foster,34,88504 Watson Springs,New John,Idaho,53953,-104.311269,84.5317915
Kimberly Martin,76,1521 Wong Isle,South Williamborough,Vermont,77523,-146.369094,74.5823715
Latasha White,53,8308 Guerrero Extensions Suite 816,West Yesenialand,Idaho,95158,146.453853,-30.269134
Donald Holland,53,236 Johnson Run Apt. 793,Daniellebury,Florida,16157,176.072413,-26.565950
Brittany Gaines,63,8830 Aaron Square,Scottville,Georgia,07711,-17.400557,9.8513925
Jon Collins,18,3221 Kirby Forks Apt. 328,Melissaside,Texas,23161,49.265491,23.074195
Johnny Walsh,31,6711 Burch Circle Apt. 604,Sandersland,Wisconsin,37485,-174.550366,-39.084329
Austin Fernandez,31,182 James Greens Apt. 015,Lopezport,Illinois,30181,10.756582,55.2513315
Kathleen Herring,37,8792 Chan Union,Lake Michaelamouth,South Carolina,90286,82.115537,26.752343
Ryan Watson,61,6433 Johnson Fork,Port Sherry,Alabama,23910,-166.251010,-29.431608
John King,23,051 Austin Island,Fergusonton,Washington,91054,69.731923,-85.3499935
Jill Larson,46,33910 Barnett Crescent,North Jennifer,Massachusetts,38142,106.372447,-3.268114
Christopher Cohen,64,296 Campos Shoal Apt. 126,Christophershire,North Carolina,35851,-37.252562,62.563528
Joshua Schmidt,36,474 Mcgee Oval,Port Chelseashire,Hawaii,21395,3.007146,49.2946225
Connie Woods,77,8316 Nicholson Flat,North Teresaland,Tennessee,15364,98.846816,41.369820
Jacob Delgado,67,954 Danielle Street,Port Sandra,Kansas,59936,157.506224,3.691590
Albert Gomez,20,364 Herrera Cape,Jenniferview,Nevada,65197,31.776520,-2.9432385
Keith Jones MD,62,1031 Johnny Knolls,New Paul,North Carolina,68234,-107.294378,1.4853965
April Barnes,18,7664 Stout Dam Apt. 791,Charleshaven,Pennsylvania,09359,88.737409,-2.609960
Andrew Vaughan,20,210 Christina Pine Apt. 355,Robertburgh,Wisconsin,83036,-168.481482,19.4331055
Tammy Rodriguez,53,5941 Quinn Extension,Port Anthony,Florida,99746,42.457738,-26.8409655
Stephanie Jenkins,41,6020 Adrian Hill Suite 393,Wagnerside,Virginia,99263,120.105362,30.2130215
Laura Mitchell,34,77451 Dawson Pass Apt. 553,North Jill,Rhode Island,01666,89.478649,-55.9249345
Jill Case,69,2866 Thomas Mountain,New Lindsaymouth,Minnesota,90011,-127.496620,80.0616175
Steven Davis,35,3955 Jerry Hollow Apt. 294,Donnaport,Massachusetts,63423,75.131858,88.4097775
Kelly Murray,23,333 Susan Drive,Morganville,Georgia,58584,143.897508,52.8107245
Allen Campbell,74,156 Andre Fords Suite 029,Hillmouth,Virginia,37474,-80.303938,18.441327
Rachel Hall,73,6464 Sarah Vista Apt. 609,East Phillip,Utah,54255,89.814898,75.357399
Chad Ballard,39,05399 Lindsay Lane Apt. 188,New Linda,Alabama,63277,23.478107,-54.757191
Alyssa Fitzgerald,67,577 Karen Harbors Apt. 520,South Robert,Montana,48956,14.273777,-40.782181
John Sampson,74,586 Klein Mount Suite 960,Garrettshire,West Virginia,08380,-58.593429,-76.974203
Gregory Holmes,30,6239 Gonzalez Corners,Rebeccaville,Florida,49721,101.014637,12.214440
Michael Monroe,54,97112 Gilmore Orchard,West Stephanie,North Dakota,16907,102.057239,-25.987588
Todd Shannon,48,75508 Gonzalez Forge Apt. 221,Santiagochester,Michigan,34751,-125.520507,14.873889
Henry Miller,47,07635 Andersen Well,North Samanthafurt,Iowa,11509,-99.124508,-13.6942475
Nancy Ball,26,862 Rose Island Suite 253,Sanchezside,Oregon,02687,-102.385750,-0.685941
Edwin Dean,46,2287 Berg Circles Suite 048,South Johnmouth,Maryland,52914,-151.398940,-0.477798
Danielle Davis,34,3664 Campbell Field Apt. 726,East Anna,Kentucky,26105,-145.133881,2.3999175
Curtis Simpson,42,71046 Leslie Row Suite 519,New Jennifertown,West Virginia,22761,-108.464205,-51.892132
Sharon Hamilton,71,4005 Taylor Mount Suite 205,Samuelmouth,Maryland,38983,73.856956,-80.6382105
Samuel Castillo,41,97516 Jones Springs Apt. 617,Brittanymouth,Florida,67018,100.279620,83.066967
James Perez,28,16437 Linda Cliff,Barbaraborough,Indiana,94127,-97.451427,78.728404
Troy Murray,35,1570 Ryan Dale,Huntview,Delaware,42870,94.256321,-7.704772
Daniel Manning,74,589 Stephanie Turnpike Suite 274,Lake Ashley,Maryland,05809,84.591182,-85.0438035
Anne Henderson,73,1239 Daniels Freeway,Lake Tiffany,Arkansas,75203,77.928740,-67.7859105
Danielle Larson,64,5665 Abigail Mews Suite 350,Katherineville,Indiana,23465,-164.909322,-35.173202
Lee Becker,70,96063 Nathan Green,North Heidibury,Oklahoma,45161,167.574501,-37.507147
Jocelyn Gallagher,36,0521 Rogers Station Apt. 005,Murphyport,Montana,04137,-53.527290,56.107490
James Joyce,63,399 Paul Mission Apt. 342,East Ricky,Alabama,49213,-33.790976,-88.5297105
Samantha Warner,39,34439 Jared Camp Apt. 310,West Richardbury,Alaska,68071,3.023069,76.410782
Steven Mueller,70,07208 Brian Extensions,West Gabrielle,Kentucky,91286,161.287221,62.3218885
Heather Williams,45,098 Hill Junctions,Loriside,Utah,26362,-153.967345,71.131298
Susan Goodman,28,4708 Jason Plaza Suite 924,East Jeffreyfurt,Rhode Island,90300,63.874208,9.4537985
Marissa Reed,42,084 Bowen Ridges,Griffinview,New Jersey,12384,8.122594,67.6826665
Keith Humphrey,69,4352 Mathews Parks Apt. 657,Rodriguezhaven,Pennsylvania,14798,10.386439,-42.3882515
Thomas Horton,57,1825 Karen Bridge Suite 380,South Robert,Oklahoma,79695,76.314151,61.9421985
Christopher Williams,71,85110 Beck Courts Suite 936,North Christopher,Virginia,70876,-8.916119,-76.7821165
Dawn Graham,80,72324 John Club Suite 688,Campbellmouth,Georgia,81453,-110.669757,82.294104
Daniel Mclaughlin,20,19070 Sara Lodge Suite 685,Lake Michaelmouth,Alabama,39054,-133.501646,44.781588
Tammy Taylor,43,11484 Martinez Shoal,North Ryanshire,Delaware,51770,-143.501612,41.3092075
Victor Barr,35,16724 Collins Ranch,North Tinaside,Maine,08162,-0.812536,36.005454
Matthew Green,47,371 Laura Corners Suite 130,Johnbury,Alabama,27400,43.583852,-50.3675005
Justin Logan,72,3387 Morgan Camp Apt. 905,South John,Nebraska,47329,104.272177,61.9834855
Paul Wallace,44,55093 Rhodes Summit,Michaelfurt,New Jersey,44585,-60.647304,-32.013495
Ryan Jennings,39,4496 Brandon Field,North Stephenberg,Alabama,89831,-98.543246,-8.3422215
Luis Shah MD,42,96107 Chavez Fields Suite 123,East Brendafurt,Maryland,68002,-38.869757,-20.733701
Richard Clarke,57,82771 Hodge Mill Suite 141,Mitchellchester,Arkansas,85102,-31.408186,28.249461
John Gallagher,34,55851 Michael Pike,Matthewland,Minnesota,85952,64.875164,-62.5950495
Alicia Li,79,5196 Kemp Crest,North Thomasmouth,Tennessee,24742,-169.215840,-22.6732585
Jennifer Galvan,75,52417 Hernandez Views Suite 352,Lake Justin,Alaska,21315,31.921000,66.3667915
Jennifer Howell,30,66328 Lane Fall,West Michael,Louisiana,94661,-31.913032,10.257261
Paula Leon,53,64078 Phillips Burgs Apt. 371,Meghanborough,Vermont,03660,55.464899,5.947465
Stephen Pineda,62,8220 Mccarthy Ridges,Butlerburgh,Colorado,21000,-93.636950,36.993025
Jennifer French,41,903 Gray Course Apt. 586,North Brian,Indiana,72048,-52.638760,-27.848095
Wanda Ferrell,77,449 Matthew Summit Suite 357,Susanstad,Michigan,12198,-25.929294,-28.195687
Nicholas Mitchell,71,6808 Lee Walk,Port Dianechester,Oregon,65962,-100.779998,-27.629248
Lisa Howard,62,147 Steven Glens,Port Matthewhaven,Missouri,75938,-76.310133,27.3731785
Cheryl Jenkins,79,354 Holland Coves,Lewisside,Wyoming,31867,-63.219052,29.381744
Lisa Rivera,52,7620 Joseph Motorway Apt. 431,South Kyle,Florida,85753,53.495029,41.706584
Richard Lee,65,23157 Davis Mall,New Anthony,Missouri,53202,-16.902861,40.8954315
Maria Harmon,36,04889 Robert Spring Apt. 292,Michaelmouth,North Carolina,36118,47.426607,-43.3847715
John Daniel,57,24220 Johns Route Apt. 487,Evansmouth,Ohio,70124,-92.004505,-15.6407495
Marcus West,36,2221 Amanda Creek Suite 529,Johnbury,Arizona,61877,27.107418,62.405660
Theresa Owens,20,2987 Lee Drive Suite 912,Danielstad,Delaware,78327,85.529554,86.9707915
Donald Dixon,44,6305 Smith Knolls,Lake Johnathanfort,Nebraska,22470,-130.889248,85.6070545
Jason Yates,79,01584 Bright Mall,Port Keith,Minnesota,64529,-39.049295,-49.4601605
Mr. Henry Chandler MD,76,623 Marshall Plaza Suite 900,North Joshuaview,Washington,40961,-36.163527,81.4787625
Eric Jones,19,12784 Angela Ports Suite 200,West Amberland,Pennsylvania,05371,156.588776,-66.277061
Virginia Smith,20,34759 Kenneth Springs,Brooksburgh,New Jersey,46908,-124.821412,53.1487475
Sherry Wilkins,66,74772 Joshua Way Apt. 824,Ryanburgh,New Mexico,23851,-52.521336,23.7982025
Anna Ramirez,55,164 Jones Mews Suite 092,Larryport,Montana,85866,97.598146,-38.2903505
Robert King,60,721 Robin Square,South Calvin,Michigan,91171,92.250137,50.411599
Kenneth Lowe,63,969 Vaughn View Apt. 237,North Jessicashire,Oklahoma,75098,-25.196798,-39.4815835
Kathryn Dougherty,28,51153 Anna Oval,Port Heather,Idaho,44274,-94.760062,51.5316535
Adam Ray,75,25021 Chandler Locks Suite 074,Hartland,Iowa,38274,-159.321574,67.514234
Mr. Brian Hall,80,22449 Walker Plain Apt. 725,New Debrahaven,Rhode Island,73551,106.542535,20.303863
James Camacho,69,5817 Christina Mountain Suite 498,New Jessicaton,Idaho,10092,11.605866,-55.921840
Elizabeth Mills,32,851 Steven Rapids Suite 237,Lake Calebside,North Carolina,58280,159.912850,44.3754305
Rachel Kramer,50,17144 Callahan River,Matthewport,Alaska,75697,-68.912988,-62.2221245
Erica Davis,43,72910 Luna Squares,East Ruth,Pennsylvania,70847,6.556399,22.9253245
Anthony Howard,44,63535 Delgado Extensions Suite 422,West Austinborough,Ohio,90251,59.714952,-65.422005
Elizabeth Mueller,22,95872 Jason Harbors,Rickyville,Wisconsin,15478,135.083720,70.551761
Patrick Frank,25,9141 Guerra Walks,West Gabriel,New Jersey,09445,132.298814,64.1179975
Ryan Newman,42,4378 James Circle Suite 495,Sullivanberg,Wisconsin,81896,-133.352886,58.266594
Ann Hoffman,61,970 Joshua Trail Apt. 643,Jasonside,Michigan,71902,53.072945,-39.054849
Karla Robinson MD,20,974 Guerra Gateway,Rodneyport,Illinois,70901,5.653077,83.380567
Nicholas Martin,31,52423 Smith Ways Suite 003,North Elijahland,Connecticut,82665,153.961610,32.0777445
Andrea King,75,21642 Mendoza Neck Apt. 258,East Rossberg,Kansas,83033,107.244006,29.2681045
Ronald Day,49,711 Jennifer Bridge,Fordshire,Oklahoma,68511,93.550520,-47.9679925
Rebecca Woods,68,645 Silva Fort Suite 019,Pooleside,Virginia,15970,-89.245442,37.070717
Amber Buchanan DDS,37,679 Kathryn Junctions Suite 837,West Johnbury,Washington,52217,-125.236040,-24.3158125
Jeffrey Soto,28,9919 Mark Drives Apt. 794,Vincentburgh,Oklahoma,53860,30.486577,64.960016
Benjamin Perry,22,99615 Hines Stravenue Suite 399,South Alanland,New York,68999,97.353802,-10.0680805
Mary Mack,35,6789 Paul Drive Suite 306,Calderonport,Minnesota,90768,132.327494,5.9461805
Tracy Powell,30,73913 Washington Place,Bentleyport,Maine,60492,-103.149825,66.418003
Gina Chavez,66,9069 Eaton Street Suite 118,Powellside,Vermont,20214,-7.262686,-69.1345815
Christopher Allen,23,55723 Patricia Bypass,Tuckerport,Minnesota,16006,112.659082,85.229174
Mr. Curtis Martinez PhD,68,440 Ryan Ports,Tracyfurt,Colorado,95033,-115.499843,-10.230568
Erik Pineda,35,811 Tony Fork Suite 978,South Michelle,New Hampshire,98534,-115.369432,-51.3635985
Kevin Moore,46,910 Gomez Motorway,Port Andrewbury,Illinois,10372,-142.461010,-66.816123
Steven Davis,41,79303 Ashley Trafficway,Dixonhaven,West Virginia,75995,71.839333,73.851198
Brandon Johnson,52,64184 Michael Run,Jonesbury,New Jersey,04631,123.860680,40.9506405
Wendy Gregory,21,1003 Shelby Ridge Apt. 763,North Sarahfort,Wisconsin,53597,13.767164,68.3748655
Keith Smith,48,302 Donaldson Trafficway,West Brandi,Hawaii,13730,-104.983037,13.661930
Allison Trujillo,58,29522 Nancy Causeway,Matthewtown,South Dakota,89207,-163.441415,-63.212540
Frank Alexander,54,00929 Brandon View,Port Ellen,Alabama,48718,124.649958,-17.253882
Amanda Snyder,38,91121 Stephanie Vista,South Stephanie,California,64264,-2.154805,52.113425
William Johnson,76,877 George Tunnel,South Cherylhaven,Nebraska,38179,-154.597621,-37.464028
Angela Miles,56,2130 Holmes Stream,Millerchester,South Dakota,93118,-32.260450,-9.7995955
David Orr,39,20644 Gina Union Apt. 049,Crosbyfort,Colorado,78392,-87.864053,-8.9835175
Brianna Shaw,56,6065 Potter Freeway Apt. 587,Codystad,Ohio,13996,40.885397,-8.166220
Henry Mcdonald,47,227 Mendoza Shores Suite 187,East Joshuamouth,Washington,32525,3.515636,-65.1642945
Monique Hensley,31,173 Shea Street Apt. 295,South Joshua,New Jersey,03024,-138.408013,-67.3412085
Lisa Carson,33,01646 Williams Loop,East Melanie,Maine,79988,-130.578350,86.030368
Amanda Massey,73,35430 Burns Forges,New Jennifer,Texas,16539,37.211769,89.1187845
Latoya Hernandez,46,23391 Gregory Rapids,Jasonbury,Texas,49481,151.873587,-17.6446985
Jackson Greer,33,338 Hardin Alley Suite 231,Haasborough,Connecticut,39564,-12.621580,62.6069595
Dr. Erica Page PhD,39,485 Walter Creek,South Dennisstad,Delaware,34523,-106.031838,76.3901385
David Owen,18,8647 Denise Freeway Apt. 155,Jesusborough,Louisiana,33546,-97.828475,-22.700710
Philip Estes,55,93212 Tyler Key,Davisview,Indiana,49368,-25.565321,-65.9265985
Melvin Moore,45,278 Alicia Harbor Suite 379,Kathrynburgh,Illinois,86873,-88.472165,-55.6112545
Abigail Dawson,53,4105 Cole Rest Apt. 475,Erikstad,Wyoming,02297,50.705450,70.196921
Jessica Schmitt,79,194 Hodges Divide,South Raymondshire,Delaware,12851,-40.689744,-88.032236
Wesley Levine,56,746 Eric Mission,Lake Felicia,Wyoming,54029,56.210995,59.4520405
Rebecca Mays,20,3281 Allen Drives,Sabrinaport,Oklahoma,65719,-23.197470,-35.5516215
Marisa Trevino,53,0729 Travis Ridges Apt. 058,North Patriciaton,New Jersey,51907,60.333520,-73.996430
Samantha Thompson,45,18496 Eric Glen,East Mary,Arkansas,94815,52.025783,-59.6970165
David Henry,79,709 Sellers Forges,New Samantha,South Dakota,31640,154.509550,-53.4138995
Darren Ware,53,0895 Dana Centers Apt. 928,Smithburgh,Massachusetts,19807,-11.774590,-48.099249
Jon Phillips,54,4173 Brown Oval,Joshuatown,Indiana,59357,15.263775,-69.4811435
Gabriela Clark,36,9735 Christopher Port Suite 262,East Cathy,Rhode Island,75504,93.051778,-77.905320
Brian Acosta,25,845 Brandon Parkway,North Alexisburgh,Vermont,60259,-27.163316,-14.889944
Tina Reed,25,3571 Lewis Orchard,Christiantown,Washington,38695,-64.084006,13.0884115
David Phillips,50,35313 James Village Suite 769,Derrickland,Maryland,15550,-76.946883,-53.8815665
Scott Rodriguez,32,842 Brian Locks Suite 825,East Andrewborough,Utah,44732,84.688863,-64.221703
Kimberly Macias,29,555 Bass Creek,South Marybury,Washington,38137,-74.607272,48.1087385
Karen Barnes,29,0699 Amanda Oval,South Regina,Louisiana,57495,146.348313,1.469964
Andrew Allen,44,91645 Trevino Underpass,Woodsport,Minnesota,53895,64.581269,88.9326525
Desiree Torres,69,5490 Richard Lodge Suite 824,Whitneymouth,Nevada,03741,-55.181957,65.946791
Melissa Berry,25,1656 James Centers,Jamesstad,Connecticut,06635,97.757346,-1.405585
Diane Barrett,22,6214 Perez Course,South Shaunview,Illinois,26127,-0.252945,-27.105567
Kristen Perry,69,603 Fernandez Harbors Apt. 412,South Dawn,Utah,29651,-165.650403,-82.1524135
Christopher Gonzales,54,0677 Washington Ports Apt. 293,West Kimberlyville,Montana,02978,124.234465,-7.9278475
Courtney Goodman,67,403 Lee Locks,South Marieburgh,Iowa,19323,-128.701047,79.0520865
Jade Baker,24,556 Victoria Rapids Apt. 721,Port Krystaltown,Ohio,79570,-30.506092,35.7172895
Beth Myers,29,53396 Bean Locks Apt. 801,New Karenberg,Hawaii,83704,24.975605,66.930657
Brandi Ford,61,7801 Fields Land,Kelleymouth,Vermont,85058,179.724396,34.0651205
David Garcia,72,23491 Alexis Grove Suite 568,South Donnamouth,Idaho,23351,-2.119750,43.0806655
Lisa Williams,56,2320 William Lodge Suite 016,West Stephanie,Utah,24860,159.824780,8.517367
Miss Teresa Higgins,59,61262 Winters Neck Apt. 558,Lake Dillon,Oklahoma,76667,179.571165,-84.929747
Kimberly Bell,46,380 Cooley Forks,Fosterport,Texas,89358,163.354155,58.723225
Brett Phillips,25,5253 Raymond Estate Suite 199,Christopherchester,Wyoming,76868,131.404709,58.6467975
Kimberly Peterson,32,64059 Joel Ridge Apt. 381,Johnsonfurt,New Mexico,05979,-142.540327,15.116354
Latoya Villa,57,9411 Chris Avenue,Huffchester,Connecticut,13705,56.205758,-65.8674205
Tiffany Banks,41,4265 Melendez Rest,Kevinshire,Texas,96494,-93.851206,-31.350371
Kelly Thomas,29,98697 Preston Garden,North Kellifort,Wisconsin,20813,55.225723,64.892025
Sara Patel,48,98064 David Run Apt. 889,Martinezberg,Iowa,11862,134.138666,-85.671490
Amber Nichols,50,086 Thomas Stream Apt. 479,Alexisville,Florida,29977,178.797724,59.5434185
Matthew Allen,36,17545 Angela Vista,Jeffreybury,North Carolina,48982,50.267218,-70.4277085
Mr. Jamie Johnson,18,8232 Long Pines,Richardsberg,Wisconsin,03540,119.928100,45.3088715
Allen Warner,44,029 Samuel Locks,North Suzanne,Arkansas,13170,-88.430486,-75.3026555
Keith Guzman,49,2134 Hill Knoll Apt. 357,Jessicafurt,Texas,01273,-104.722164,0.360231
Corey Reed,67,8626 Torres Shore Suite 452,North Michael,Iowa,12052,-1.520203,47.949091
Katherine Curtis,35,0029 Santana View Apt. 639,New Jeffreytown,Montana,22791,-97.291660,-41.493163
Michael Larson,67,498 Randall Flats Suite 875,Port Johnview,Rhode Island,70154,174.881847,-47.809473
John Davenport,69,579 Kevin Flat,Barbarahaven,Tennessee,60287,-152.852373,86.054817
Michael Martinez,58,524 Richard Lodge,South Marissaview,New York,95662,-7.372523,65.371989
Susan Harris,76,590 Carroll Fords Apt. 165,South Jason,Pennsylvania,61602,-89.746727,-53.0461065
Samuel Huffman,30,2216 Jenna Village,Foxborough,Washington,21567,82.101576,-31.861163
Eric Clark,31,435 Wilcox Brooks Apt. 076,Port Jeffrey,Arizona,19417,26.984316,-52.4220425
Mark Beck,71,502 Michael Isle Suite 026,South Karenchester,North Dakota,82661,14.147424,1.1466515
Becky Walters,61,146 Torres Trail Apt. 546,South Brittany,West Virginia,29629,160.868097,46.282330
Connie Richardson,64,2034 Richard Circles,South James,Pennsylvania,19625,-53.976033,-10.574007
Julia Parker,48,988 Gonzalez Cliff Apt. 310,New Melanie,Arkansas,02258,-98.589089,-5.3033245
Hailey Perry,30,492 Walker Plains Apt. 012,Roseland,Mississippi,55602,91.602025,61.971074
Robert Young,53,7274 Callahan Park Apt. 117,New Stephanieland,Kansas,31907,174.119396,63.747982
Laura Ashley,47,21914 Villa Gardens Apt. 818,East Donna,Nevada,42055,-117.442202,-89.1753385
Kristen Page,42,4522 Danielle Neck Apt. 152,Port Terrifurt,Connecticut,46562,119.932945,64.2089755
Madison Moore,28,38178 Arnold Harbor,Hineshaven,Louisiana,43963,-154.185988,-35.523699
Dylan Walker,79,9886 James Drive Suite 827,Schneiderborough,Alabama,83792,44.454509,-68.0846185
Dawn Ruiz,64,2961 Foster Bridge Suite 000,Davidstad,North Dakota,29158,72.697234,12.336081
Sheila Blair,74,68854 Bernard Meadow,New Maria,Utah,22932,-134.048088,-82.5874325
Matthew Lee,24,039 Benton Mews Suite 903,New Grant,Oregon,90617,87.239057,-46.487496
Lisa Martin,38,9364 Medina Way Suite 610,Ballardberg,Oklahoma,00856,-146.197305,-36.6107545
Mr. Patrick Oconnor,67,5065 Richard Squares,West Carl,Massachusetts,67613,-88.741534,-24.586633
Amy Mendoza,75,16514 Lambert Village Apt. 870,Seanborough,New Jersey,20850,56.285079,39.3535945
Joseph Ortiz,51,080 Matthew Lodge,New Lori,Nebraska,15460,-179.093800,30.600328
Donald Walton,48,62155 Jacob Neck,Russellburgh,Louisiana,64311,-122.834441,-11.461646
Travis Kramer,25,407 Maldonado Mews Apt. 195,South Nathanielstad,Ohio,15351,-94.048340,50.1401055
Samuel Newton,43,3051 Kristin Extension Suite 970,Kellerstad,Delaware,64012,68.388954,28.0412515
Kimberly Dominguez,25,34488 Keller Valleys,Louisport,Nebraska,59455,-111.343903,50.179901
Maria King,29,2869 Tracy Vista,Santiagoshire,Hawaii,50931,116.063409,-86.342598
Elizabeth Osborne,21,65357 Kyle Pike Apt. 046,Port Felicia,Washington,35118,83.192918,30.5485365
Kimberly Burton,47,006 Harris Station,West Johnburgh,Rhode Island,24960,-37.150040,-48.556951
Makayla Torres,29,780 David Street,New Pamela,New Mexico,37485,94.324910,-7.717798
Kimberly Barr,78,63490 Sosa Route,Lake Megan,Wyoming,70118,-138.253947,-86.3542955
Gina Miller,60,3419 William Pines Apt. 383,Port Jennifer,Hawaii,74918,-108.359870,-26.9626155
Elizabeth Petty,51,843 Robert Burg,East Ruth,New York,10590,-62.684490,-15.1932375
Tina Li,55,63185 Turner Port,Rogersport,Wyoming,67664,38.101298,-67.0740775
Jason Stevens,38,9517 Valentine Spurs,West Lorichester,Georgia,99215,-71.507664,14.831525
Angela Castillo,65,9384 Valdez Alley,West Andrewborough,North Dakota,92664,57.566677,46.7898405
Victoria Scott,22,6741 Brown Station,New Donald,Michigan,29660,-177.430976,-6.8254755
Gina Hampton,52,46570 Susan Meadows,Christineville,New Mexico,14849,-4.426110,-79.4969875
Ronald Ward,79,661 Jackson Tunnel,Jayside,Missouri,60497,-87.346407,-46.7487645
Kenneth Evans,54,4131 Gomez Trafficway Suite 119,Byrdmouth,Florida,89372,-29.629233,84.3708905
Andrea Harris,56,547 Charles Stream Apt. 196,Lake Chelseamouth,Florida,53350,-162.844533,-35.711594
Dustin Williams,23,417 Hall View Apt. 195,Mosleyshire,Oregon,90145,-154.251667,-58.8521625
Erica Brown,18,6777 Jessica Pines Suite 084,Elizabethmouth,Massachusetts,10609,-0.291871,35.0564195
Jose Larson,54,4080 Cohen Junction,New Mark,Michigan,77635,-119.001637,53.446353
John Simmons,80,975 Misty Mountain,East Glen,Florida,57527,31.437794,-30.2156005
Matthew Gonzalez,57,946 Jamie Lane,South Tomshire,Tennessee,17019,-175.364923,-39.938352
Margaret Garcia,61,735 Lindsay Haven Suite 990,Timothyview,South Dakota,09096,-127.564799,30.325655
Jeremy Scott,66,4781 Smith Views Suite 941,North Kelly,New Mexico,08995,-153.442353,68.2440405
Ryan Hamilton,61,89596 Jacob Station,Port Stephanie,Georgia,32047,152.996686,-50.474448
Bryan Grant,23,461 Miller Cove Apt. 460,Marcusshire,New York,04953,-96.928542,18.273668
Mrs. Amanda Schwartz,73,912 Rogers Springs,North Johnberg,Alabama,14771,-103.617297,-18.123809
Melissa Cobb,30,0112 Howard Path Suite 637,Davidsonborough,Iowa,78476,-129.737380,-52.568707
William Gonzalez,79,04879 Kristina Fork,North Jasonport,Iowa,66435,151.763192,-38.9187865
Brenda Charles,57,564 Larsen Flats Apt. 134,South Teresa,Kentucky,28587,51.469223,-36.1768795
Adam Mccoy,50,8757 Rice Turnpike,South Williamton,California,61447,112.827983,44.3436055
Darren Perez,79,24019 Colon Station Apt. 107,Valeriehaven,Connecticut,62936,178.087553,12.665828
Robert Morgan,43,505 Harrison Meadows,Lake Michelle,West Virginia,37531,-115.133310,38.8669385
Laura Gallagher,35,68344 Erik Vista Suite 320,West Joannafort,Michigan,19883,-81.379736,57.3046275
Sandra Taylor,71,57653 Aaron Forge Apt. 515,West Michael,Idaho,46912,27.069104,56.134437
Kimberly Fernandez,70,8960 Hampton Islands Apt. 816,Ramosfort,New York,03330,29.349108,35.470954
Linda Pierce,36,7284 Morrow Lights,Anthonyton,Ohio,31290,-13.592795,-5.8706925
Darrell Hart,44,75236 Sierra Pines Suite 157,Taylormouth,Virginia,75025,-100.926118,-47.682588
Elizabeth Johnson,77,56132 Curtis Lodge Suite 222,Hudsontown,Mississippi,63537,-69.690211,-61.024826
Daniel Goodwin,25,352 Wright Knolls,Evansstad,New York,30763,-147.502614,41.7090375
Lawrence Smith,18,147 Michael Plains Apt. 267,Susanmouth,Kansas,75498,-82.568533,50.6492985
Michele Kerr,43,244 Murray Wells Apt. 641,West Sarah,Arizona,85050,98.647205,-75.834213
Sandra Pierce,78,41317 Wu Fort Apt. 672,East Zachary,Nebraska,94234,165.551797,7.700406
Denise Horne,34,43260 Jennifer Mill,Allentown,North Dakota,45433,47.929221,-68.566302
Erika Carter,35,45374 Ramirez Villages Suite 657,Rogerside,South Dakota,96047,153.026807,68.957870
Christina Cox,63,3970 Alejandro Creek Apt. 330,Suzannebury,Maryland,46679,-117.269329,-64.775272
Samuel Roman,54,45156 Huynh Hill Suite 327,Port Sharonview,Tennessee,16031,-66.382743,63.911363
Danielle Carpenter,75,40641 Lopez Bypass,Doughertyfurt,Tennessee,66328,48.561442,33.4943885
Carol Payne,71,802 Vazquez Stravenue Apt. 165,Ericside,Tennessee,52648,61.975206,79.8500915
Taylor Ramos,38,5868 Patricia Rest Apt. 857,New Kennethborough,North Carolina,43550,-67.204978,-74.6758205
Ebony Jordan,21,491 Mccann Station,Thomashaven,Pennsylvania,05556,58.775813,87.068484
Isaac Griffin,54,415 Benjamin Overpass Suite 505,Douglaschester,Delaware,45587,142.516749,-15.7258845
Rachel Blackburn,23,37996 Stephanie Viaduct Suite 344,Port Laurie,North Carolina,07973,77.527263,84.2237625
Darren Bowers,32,9144 Zavala Wall,Garciaton,South Dakota,56663,40.804043,-2.387818
Christina Smith,63,281 Martin Via,North Janet,Utah,17947,152.379570,-86.290676
Brian Gonzalez,46,03411 Keith Viaduct,Bradleyport,Delaware,97208,-124.698811,50.896991
Jason Mcgee DVM,28,66193 Holly Harbor Suite 648,North Kennethchester,Ohio,52588,1.766550,78.113262
Monica Arnold,51,7708 Mary Branch Apt. 513,Donaldstad,Oregon,80910,-152.436619,62.603976
Toni Ferguson,32,286 Brown Fords Apt. 696,East Yvetteport,Washington,14130,-6.704666,11.9124015
Marcus Williams,61,13868 Steven Ways Suite 303,Port Dannymouth,Indiana,91329,-107.065295,49.346029
Ernest Brown,43,9450 Allison Brooks Suite 976,East Stephaniebury,Connecticut,95813,-137.295671,84.5193655
Olivia Gomez,59,76705 Nichole Crossroad Apt. 409,Lake Davidbury,Colorado,06193,-86.832857,-86.8846955
Joseph Flores,49,43022 Boyer Cliff,Samuelchester,Louisiana,82628,-111.856334,-3.582642
Deborah Stephens,26,4185 Jessica Inlet Apt. 784,Christopherborough,Maine,83492,-125.751549,-64.440131
Kelsey Contreras,49,7829 Daniel Prairie Apt. 382,Jonesview,Wisconsin,65570,-33.742176,62.9321505
Rebecca Erickson,64,98458 Vasquez Groves,North Tammymouth,South Carolina,79048,-140.117936,72.5012265
Juan Dorsey DVM,77,201 Singh Crossroad,Benjaminstad,South Dakota,04426,-176.706477,34.363416
Amanda Simpson,72,24371 Scott Corners Apt. 632,Michellefort,Minnesota,73437,171.056829,39.144574
Shawn Montgomery,79,169 Jacob Street,Port Gregory,Iowa,59622,-175.281218,42.920263
Joseph Gonzalez,41,638 Arroyo Island Suite 377,New Donna,Louisiana,17097,10.022944,-70.6088495
Zachary Martinez,45,80255 Carla Plain Suite 012,Port Dylan,Iowa,41063,-54.912740,84.476420
Paige Stewart,49,3526 Lopez Curve Suite 613,Lake Karenshire,Missouri,24799,-151.055198,-33.5517665
Amber Lopez,24,234 Stephen Green Suite 782,Nicholasburgh,Louisiana,17853,-165.597544,-35.645441
Derrick Reid,19,89273 Castillo Motorway,Port Laura,Hawaii,96019,-83.360843,27.7846755
Jeffrey Wilson,64,686 Murphy Lights Suite 277,East Russell,New Mexico,84384,-109.500509,-27.3137795
Kathryn Pittman,63,446 Ramos Forges,Lake Rebecca,North Carolina,18324,-115.819118,-71.305069
Christopher Espinoza,30,244 Julia Ferry,South Jasminefort,New Hampshire,45316,-74.282629,27.042188
Ronald Adams,52,204 Roger Drive Apt. 934,Robinsonstad,Virginia,66792,-142.096505,-22.851375
Ashley Moore,63,213 Lisa Key,Williamsmouth,Wisconsin,45054,-63.055926,-32.503557
Melissa Joyce,18,09634 Kayla Radial Apt. 168,South Robert,Pennsylvania,70617,120.789859,73.733182
Deanna Ritter,57,8323 Brown Points,West Emilyside,Wyoming,69089,-77.333748,63.557158
Stephanie Myers,78,828 Williams Fork,Howellport,New Hampshire,88869,96.490874,-36.670978
Jorge Miller MD,18,4284 Cody Meadow Suite 440,Anthonyland,Pennsylvania,03373,-18.362341,-63.0944165
Kristin Tran,26,87512 Perry Gardens Suite 618,Simpsonshire,South Dakota,04258,-115.178506,66.785694
Kaylee Peterson,36,7326 Jason Radial,Mooreberg,Kentucky,47232,32.664275,-57.4454475
Monica Hudson,26,001 Timothy Stravenue Apt. 652,Moralesland,Wyoming,70990,-164.088812,54.9334105
Sean Nelson,75,252 Mack Summit Apt. 755,Glovershire,Arkansas,26415,-68.938373,80.1774305
Jeffrey Wu,61,0125 Devon Flat Suite 691,Courtneystad,Tennessee,21112,163.559405,-67.879667
Stephen Moore,61,033 Erica Via Apt. 361,Edwardton,Wisconsin,55713,13.299034,-43.507018
Daryl Mayer,53,740 Hughes Shoal,Greenport,Georgia,43003,135.701413,-30.176432
Jeffrey Hoffman,70,921 Kristen Loaf Apt. 587,South Brianna,Nevada,80705,-147.665289,2.188174
Breanna Davis,70,655 Mcguire Plaza,Lake David,Wisconsin,96613,-141.350237,60.698014
Matthew Garcia,71,66275 Coleman Ramp Suite 070,Port Traciborough,South Dakota,00989,-114.166571,38.872602
Phillip Jones,18,874 Lyons Road,Hernandezbury,New York,87344,-40.669456,6.1754095
Kerry Anderson,58,54165 Joel Rapid,New Justin,North Dakota,53673,134.185529,74.575062
Karen Gonzalez,40,643 Anna Mall Suite 010,Anthonyfort,Kentucky,87337,-162.316001,78.8957085
Tyrone Smith,49,8695 Frederick Harbor Apt. 727,West James,North Dakota,45483,112.677379,33.621115
Jason Smith,34,87392 Martinez Ports,South Anthony,Maryland,95636,-68.281021,78.792224
Brittany Reynolds,58,81048 Torres Walk,New Jonathan,Rhode Island,16518,84.689396,24.0940875
Dustin Edwards,76,270 Sims Fields,Robertfort,Massachusetts,73533,-95.618005,76.842596
Jay Roberts,42,66988 Sanders Pike,Amymouth,Florida,88563,-150.784262,-45.6529215
Jessica Morales,47,29593 Freeman Port,Rickeyburgh,Delaware,23831,-124.963830,26.951580
Mary Thomas,49,1626 Michael Station Apt. 909,East Kevin,Iowa,37020,86.729015,44.921323
Eric Miller,74,119 Alicia Mount,Wangmouth,Washington,22137,-106.719124,51.721066
Robin Duncan,69,747 Harris Crossing Suite 657,East Stephen,Alabama,91378,-40.338091,22.9436305
Kathleen Ross,42,9863 Leon Manor Suite 623,New Calvinshire,New Jersey,70937,125.828314,-47.6367225
Kristina Jones,52,059 Gardner Mountains,Theodoreborough,Indiana,02432,-87.063708,-4.549562
James Crawford,61,919 Murillo Neck,Duranmouth,Maine,37113,-84.250031,-46.3837265
Frank Thomas,55,12473 Emily Unions Suite 111,West Carolynfort,Tennessee,51950,-51.977447,-58.3359695
Megan Cruz,44,10454 Sylvia Flat,Butlerfort,South Carolina,64341,-152.344964,29.878833
John Norris,18,31215 Valerie Gardens,West Marcoside,Kansas,06167,117.128704,-3.005415
Christopher Smith,63,13896 Mary Orchard Apt. 910,New Stanley,Nevada,12019,-98.009374,40.8715135
Brooke Kramer,37,24920 Ray Knoll Apt. 293,North Williamborough,Utah,43836,169.008387,5.0415475
Aaron Simmons,71,10498 Alicia Track,Trujillohaven,Utah,86350,62.471050,-9.8957895
Dr. John Morrison,60,0025 Curtis Isle Suite 352,Christophermouth,Hawaii,87275,-4.607229,70.619633
Brian Smith,30,0420 Anderson Mills,Port Jessicamouth,Washington,18276,134.573791,66.2039225
Thomas Skinner,56,7179 Martin Ports Apt. 410,Curtishaven,South Dakota,13836,70.636845,-1.387016
Lindsay Johnson,25,791 Smith Manors Suite 414,East Jaredchester,Wyoming,02716,-25.382675,-33.832209
Todd Santos MD,50,416 Nicholas Terrace Suite 181,Lake David,Rhode Island,42055,-55.392154,68.930785
Richard Brandt,24,76034 Walker Well,New Travismouth,Mississippi,43352,-86.602815,11.331277
Krystal Adams,31,71702 Cheyenne Ferry,Campbellberg,Tennessee,17247,130.743982,-21.359420
Michael Allen DDS,53,3121 Chung Union,East Walter,California,32025,82.101079,-77.5050135
Jodi Martin,49,36617 Trujillo Inlet Apt. 629,West Glenn,Nevada,88379,-113.897093,-27.101540
Tony Young,52,805 White Wall,Lake Victorfort,Illinois,63957,21.765474,-88.1003265
Antonio Edwards,20,790 Green Trace Apt. 614,South Benjaminberg,Illinois,57051,-59.393140,68.122154
Craig Austin,48,600 Schwartz Mission,Chadmouth,Iowa,78353,-129.213819,-31.0774825
Bryan Burton,79,09571 Alec Centers Suite 865,Jessicaburgh,Indiana,03736,-18.202446,-72.5297365
Francisco Solomon,56,341 Robert Islands Apt. 559,New Justin,Colorado,45843,-95.706528,-86.699864
Bradley Daniel,45,522 Mark Hills,Ayalastad,Nebraska,79733,-65.050700,6.401239
Michael Watts,76,37237 Carter Squares Apt. 536,Baileystad,Kansas,35917,-63.584244,18.9077455
Debra Lopez,37,23802 Abigail Point Apt. 039,Priceland,Ohio,19975,-1.293996,23.555611
Raymond Weaver,61,10685 Thompson Junction,Logantown,Oregon,63162,26.188749,-33.9720955
Robert Hunt,36,3861 Sabrina Garden,North Ericborough,South Carolina,22541,81.883068,-50.707012
Lawrence Alvarez,48,4672 Craig Union Apt. 379,Marieville,New Jersey,65214,-138.500386,-78.1731115
Kristina Lowe,35,650 Michael Ranch,Lake Karen,South Dakota,15296,-83.204988,-36.313980
Jose Morrison,64,45683 Tanner Mews Apt. 263,West Sierra,Massachusetts,08087,90.670095,-62.2312805
Jeffery Watkins,34,84286 Kurt Stream Apt. 092,West Brandonmouth,Alaska,42234,-50.357382,36.8886355
Alexandria Hamilton,66,5394 Robertson Walks Suite 484,Sarachester,Texas,82459,116.227669,54.635849
Megan Odom,56,16338 Kline Cape Suite 110,West Jennifer,Wyoming,86482,165.798573,76.2525085
Andrew Williams,29,9672 Dalton Land,East Jennifer,Pennsylvania,73400,-25.379503,75.0402615
Tina Wong,64,1057 Schmitt Ford,South Heidiview,Michigan,02176,151.698146,-5.731293
Yolanda Smith,76,24819 Erica Shores,Hortonshire,California,10058,-135.030441,45.909446
Sara Walker,50,256 Sylvia Islands,Alexanderport,Minnesota,37313,109.944553,-67.717832
Sandra Perez,73,4706 Jennifer Squares Apt. 608,East Kaylashire,West Virginia,07542,-22.483884,-20.097433
Sean Bennett,46,9851 Riley Greens Apt. 702,Edwardfurt,Alaska,57612,153.456774,76.589010
Zachary Johnson,33,1693 Fisher Haven,Henryshire,Mississippi,12248,134.162406,-31.700405
Rebecca Walton,44,3884 Emma Mall,South Matthewfurt,Alabama,82609,94.037467,-73.0148925
Aaron Hubbard,31,370 Dalton Manor,New Tonyshire,Hawaii,09496,-102.564556,-59.439539
Wanda Brown,32,3975 Taylor Run Apt. 346,Lopezberg,Wisconsin,07026,130.237018,-6.100008
Bobby Fisher,57,690 Monroe Ferry,North Lauramouth,Missouri,36958,79.789805,-89.6845635
Travis Melendez,60,0348 Perkins Hills Apt. 721,Ayersmouth,Texas,66901,42.732366,45.744432
Daniel Morales,75,36076 Montgomery Alley,Porterbury,New Mexico,59633,-45.037552,-11.5864075
Nicole Mcdaniel,26,11641 Davis Extensions Suite 966,New Kaylaside,North Dakota,40819,165.803417,3.9531515
William Bennett,44,5725 Fox Spur,Deanbury,New Jersey,85343,42.969905,-69.6565705
Elizabeth Shah,59,49814 King Circles Apt. 352,Jacksonview,Michigan,80212,-114.327584,49.7231005
Rachel Macdonald,41,687 John Fort,Ochoaberg,North Carolina,61477,61.134098,-57.5595915
Rebecca Mccormick,55,7703 Miller Ford Suite 464,North Matthewside,North Carolina,45121,26.547482,-5.469745
Chelsea Brown,73,2505 Brandon Spur Suite 369,East Michael,Kentucky,44948,-156.154483,-38.540254
Charles Osborn,18,0229 Hawkins Court,Pagefort,Arizona,34573,60.349106,-79.2370335
Lori Murphy,60,840 Wells Avenue Suite 668,Jamesside,Virginia,20151,-23.845142,32.218188
Megan Hess,64,992 Tran Route Apt. 232,Meganfurt,Georgia,41403,-70.344655,67.748608
Deborah Zamora MD,76,766 Cooper Forge Suite 815,Jenkinsville,Kentucky,31915,53.900576,71.730103
Michelle Ward,65,01770 Burns Trafficway Apt. 178,Port Anthony,Arkansas,93448,-130.023492,69.8357895
Susan Koch,60,46584 Duarte Squares Suite 681,Davidstad,Minnesota,01165,-156.806269,-59.1727415
Frederick Spencer,78,917 Pamela Port,Leechester,Arizona,80289,175.544506,48.451799
Gary Watson,46,3193 Carrie Walk Apt. 269,Millerstad,Texas,68476,100.017036,14.7493825
Alexandra Johnson,58,4310 Gamble Curve,Freemanville,Nebraska,15165,-24.830441,-42.0585735
Thomas Garcia,71,001 Kevin Brooks Suite 152,Vanessaside,North Dakota,21755,56.388426,-69.0642555
Julie Mckinney,19,8791 Arthur Mills Suite 307,New Thomaschester,Delaware,20516,-15.018371,-76.078336
Steven Hall,72,953 Michelle Squares,Port Paulamouth,Georgia,97894,67.000903,-52.239792
Amy Maldonado,59,003 Kurt Stravenue Apt. 274,New Jeffrey,Kansas,21391,-48.031424,71.2369245
Charlene Curry,19,698 Jacobs Estates Apt. 391,East Aaron,North Dakota,65919,-140.833595,85.262570
Jason Holloway,55,9786 Wise Courts,South Hannah,Kentucky,44620,-168.494121,87.214975
Nancy Sanchez,45,101 Flores Creek Apt. 274,Krystalside,Louisiana,82417,62.138653,-22.456010
Johnny Franklin,76,433 Howe Locks,Kimton,Utah,50200,167.176101,12.837694
Rodney Lewis,51,304 Joe Canyon Apt. 641,Lake Racheltown,Missouri,91799,163.105833,1.6348125
Heidi Webb,67,57678 Joshua Circle Apt. 399,Port Paulaport,West Virginia,94188,126.473205,5.8739185
